,name,imnumber,mean,median,variance,skew,kurtosis
0,outputs/tmp_0005_mindif.npy,0.0,0.633002840222,0.333333333333,0.193270554191,0.257751761099,1.43177657666
1,outputs/tmp_0006_mindif.npy,1.0,0.626897733127,0.333333333333,0.381886809883,14.3478435633,1112.68937581
2,outputs/tmp_0007_mindif.npy,2.0,0.828628856148,0.666666666667,0.643041609725,2.41644712831,22.5503726216
3,outputs/tmp_0008_mindif.npy,3.0,0.616307829127,0.333333333333,0.171704432816,0.179297405216,0.491844898523
4,outputs/tmp_0009_mindif.npy,4.0,0.621535890915,0.333333333333,0.177333290381,0.188766744623,0.483955440716
5,outputs/tmp_0010_mindif.npy,5.0,0.672543683149,0.666666666667,0.273299481425,0.962270246553,18.4876533091
6,outputs/tmp_0011_mindif.npy,6.0,0.808922643602,0.666666666667,0.716083848982,3.51808981522,40.1038187191
7,outputs/tmp_0012_mindif.npy,7.0,0.685941584979,0.666666666667,0.286833210728,0.515810636405,2.17204569826
8,outputs/tmp_0013_mindif.npy,8.0,0.643783165658,0.333333333333,0.215597247413,0.30990017133,1.36123442378
9,outputs/tmp_0014_mindif.npy,9.0,0.663230086166,0.666666666667,0.244283575021,0.414858739432,2.16003539587
10,outputs/tmp_0015_mindif.npy,10.0,0.64433901428,0.333333333333,0.21398865,0.322983827984,1.57928295391
11,outputs/tmp_0016_mindif.npy,11.0,0.61386932449,0.333333333333,0.192358870949,0.843232503158,22.3749929465
12,outputs/tmp_0017_mindif.npy,12.0,0.61567319696,0.333333333333,0.173628268481,0.193012171028,0.733319052045
13,outputs/tmp_0018_mindif.npy,13.0,0.635638048441,0.333333333333,0.20251866926,0.27506356958,1.17380364
14,outputs/tmp_0019_mindif.npy,14.0,0.624238462506,0.333333333333,0.187268122393,0.235114766648,0.979389557972
15,outputs/tmp_0020_mindif.npy,15.0,0.607771470376,0.333333333333,0.16747863044,0.189896907868,0.621422741585
16,outputs/tmp_0021_mindif.npy,16.0,0.617142880509,0.333333333333,0.21965544675,1.76560750906,64.7351394945
17,outputs/tmp_0022_mindif.npy,17.0,0.635726350681,0.333333333333,0.195207442641,0.2366080924,0.827439053365
18,outputs/tmp_0023_mindif.npy,18.0,0.682896983027,0.666666666667,0.263234202979,0.51345293144,4.37577496779
19,outputs/tmp_0024_mindif.npy,19.0,0.666523618154,0.666666666667,0.235327978208,0.315339379494,1.01456908224
20,outputs/tmp_0025_mindif.npy,20.0,0.614218992245,0.333333333333,0.170810169609,0.187115861732,0.594711341836
21,outputs/tmp_0026_mindif.npy,21.0,0.608486638199,0.333333333333,0.165908347689,0.170132311799,0.420273208699
22,outputs/tmp_0027_mindif.npy,22.0,0.612035569929,0.333333333333,0.172092201534,0.18447762419,0.471587368555
23,outputs/tmp_0028_mindif.npy,23.0,0.619043279131,0.333333333333,0.19012555899,0.318031758994,2.35983520346
24,outputs/tmp_0029_mindif.npy,24.0,0.640319674695,0.333333333333,0.239580701593,0.567518294786,4.21613217057
25,outputs/tmp_0030_mindif.npy,25.0,0.614775273909,0.333333333333,0.180854702214,0.239427382661,1.17738422454
26,outputs/tmp_0031_mindif.npy,26.0,0.623119515253,0.333333333333,0.186847422318,0.226707814663,0.681454981102
27,outputs/tmp_0032_mindif.npy,27.0,0.647618070953,0.333333333333,0.223324941982,0.34843717499,1.73739330266
28,outputs/tmp_0033_mindif.npy,28.0,0.613610066602,0.333333333333,0.169729272705,0.17231265499,0.401864501944
29,outputs/tmp_0034_mindif.npy,29.0,0.612978562534,0.333333333333,0.171196054325,0.224129527574,1.22427409193
30,outputs/tmp_0035_mindif.npy,30.0,0.6114773895,0.333333333333,0.171029340427,0.215197752525,0.9629275189
31,outputs/tmp_0036_mindif.npy,31.0,3.42835407642,1.0,36.3959791412,866.733128938,34077.2319467
32,outputs/tmp_0037_mindif.npy,32.0,0.621318711745,0.333333333333,0.211464481467,1.27463537888,35.2476599301
33,outputs/tmp_0038_mindif.npy,33.0,0.778445413325,0.666666666667,0.628997739984,3.66797676227,69.5958219432
34,outputs/tmp_0039_mindif.npy,34.0,0.616600476729,0.333333333333,0.166170535979,0.16290424389,0.41365555221
35,outputs/tmp_0040_mindif.npy,35.0,0.656056381286,0.666666666667,0.228462956524,0.327750518572,1.16795847014
36,outputs/tmp_0041_mindif.npy,36.0,0.633451596311,0.333333333333,0.188491369802,0.207390929694,0.541305383231
37,outputs/tmp_0042_mindif.npy,37.0,0.678689864891,0.666666666667,0.259118793028,0.403098061525,1.58828658344
38,outputs/tmp_0043_mindif.npy,38.0,0.609992364445,0.333333333333,0.162359554204,0.156143922416,0.381681649173
39,outputs/tmp_0044_mindif.npy,39.0,0.980767130963,0.666666666667,1.32124797506,7.41478797458,80.3294104402
40,outputs/tmp_0045_mindif.npy,40.0,0.619833259461,0.333333333333,0.183360075685,0.256144464899,1.27194152371
41,outputs/tmp_0046_mindif.npy,41.0,0.614904157876,0.333333333333,0.1734780339,0.189334514156,0.520487177689
42,outputs/tmp_0047_mindif.npy,42.0,0.631936471544,0.333333333333,0.191763291747,0.250754537962,1.54265114866
43,outputs/tmp_0048_mindif.npy,43.0,0.61121481427,0.333333333333,0.173202793434,0.260739043817,2.53932404496
44,outputs/tmp_0049_mindif.npy,44.0,0.615016788644,0.333333333333,0.173647071765,0.209418245987,1.14121710369
45,outputs/tmp_0050_mindif.npy,45.0,0.663893236555,0.333333333333,0.267416340849,0.737275737764,9.72272397194
46,outputs/tmp_0051_mindif.npy,46.0,0.612061062082,0.333333333333,0.172064977908,0.184571120088,0.501347588197
47,outputs/tmp_0052_mindif.npy,47.0,0.624648177935,0.333333333333,0.190154237283,0.251594161925,1.2295057679
48,outputs/tmp_0053_mindif.npy,48.0,0.614285511121,0.333333333333,0.181409372337,0.307376076459,3.252115768
49,outputs/tmp_0054_mindif.npy,49.0,0.613700019761,0.333333333333,0.176131650722,0.200761527502,0.599054927218
50,outputs/tmp_0055_mindif.npy,50.0,0.617315020523,0.333333333333,0.177737700101,0.206945600888,0.751156467546
51,outputs/tmp_0056_mindif.npy,51.0,0.622038758456,0.333333333333,0.222352543963,1.59261174013,54.7792662796
52,outputs/tmp_0057_mindif.npy,52.0,0.622926983373,0.333333333333,0.186634788174,0.222038025213,0.674998468846
53,outputs/tmp_0058_mindif.npy,53.0,0.624268332103,0.333333333333,0.629284753154,36.7927987215,3268.08106317
54,outputs/tmp_0059_mindif.npy,54.0,0.630024587852,0.333333333333,0.200344514276,0.285975259305,1.49603646899
55,outputs/tmp_0060_mindif.npy,55.0,0.808701775111,0.666666666667,0.77721272023,4.02439095925,46.1384165912
56,outputs/tmp_0061_mindif.npy,56.0,0.630112274889,0.333333333333,0.197109221155,0.268279458078,1.23285869077
57,outputs/tmp_0062_mindif.npy,57.0,0.639625354317,0.333333333333,0.20841110629,0.268592524,0.857872327303
58,outputs/tmp_0063_mindif.npy,58.0,0.614332833222,0.333333333333,0.173453095461,0.185341482915,0.4898523607
59,outputs/tmp_0064_mindif.npy,59.0,0.621007938954,0.333333333333,0.18232975468,0.21583124825,0.733571966315
60,outputs/tmp_0065_mindif.npy,60.0,0.614994661211,0.333333333333,0.175421928351,0.196794895563,0.578508991963
61,outputs/tmp_0066_mindif.npy,61.0,0.618475511601,0.333333333333,0.17845506535,0.194774877902,0.549830455743
62,outputs/tmp_0067_mindif.npy,62.0,0.625933146998,0.333333333333,0.189722025001,0.256455840493,1.32233450941
63,outputs/tmp_0068_mindif.npy,63.0,0.735903844754,0.666666666667,0.426226636882,1.19649920937,8.15371171577
64,outputs/tmp_0069_mindif.npy,64.0,0.613459332145,0.333333333333,0.171100744684,0.172882333898,0.394582712323
65,outputs/tmp_0070_mindif.npy,65.0,0.615988895361,0.333333333333,0.172913195526,0.173491878982,0.387011441592
66,outputs/tmp_0071_mindif.npy,66.0,0.658582562966,0.333333333333,0.238753396352,0.346838393252,1.1743653532
67,outputs/tmp_0072_mindif.npy,67.0,0.617902194605,0.333333333333,0.177968527515,0.196160011147,0.555607726077
68,outputs/tmp_0073_mindif.npy,68.0,0.612733818701,0.333333333333,0.17402369536,0.232898908838,1.33992368738
69,outputs/tmp_0074_mindif.npy,69.0,0.632064226061,0.333333333333,0.195269624859,0.227932978605,0.640439429562
70,outputs/tmp_0075_mindif.npy,70.0,0.645882276603,0.333333333333,0.215362726807,0.296706178126,1.13175247578
71,outputs/tmp_0076_mindif.npy,71.0,0.658303937923,0.333333333333,0.243824397501,0.438402326943,2.36778264438
72,outputs/tmp_0077_mindif.npy,72.0,0.605362423167,0.333333333333,0.167683151441,0.330148596748,4.5110412054
73,outputs/tmp_0078_mindif.npy,73.0,0.607949491638,0.333333333333,0.161762455032,0.165301970702,0.475507318104
74,outputs/tmp_0079_mindif.npy,74.0,0.618008904174,0.333333333333,0.307823385137,4.82481968452,173.99571559
75,outputs/tmp_0080_mindif.npy,75.0,0.959573418799,0.666666666667,1.20399180273,6.19856499017,61.5575190506
76,outputs/tmp_0081_mindif.npy,76.0,0.641790468162,0.333333333333,0.220250179285,0.6026337338,8.62788928142
77,outputs/tmp_0082_mindif.npy,77.0,1.06528305021,0.666666666667,1.8326209536,13.5720018454,227.687516462
78,outputs/tmp_0083_mindif.npy,78.0,0.670986568233,0.666666666667,0.260587942661,0.425152186368,1.61167364577
79,outputs/tmp_0084_mindif.npy,79.0,0.609873791656,0.333333333333,0.170833635536,0.259997234404,1.77597476621
80,outputs/tmp_0085_mindif.npy,80.0,0.637352278787,0.333333333333,0.206024189356,0.362656599187,3.55792689622
81,outputs/tmp_0086_mindif.npy,81.0,0.615056012637,0.333333333333,0.174250127919,0.214010683856,0.949787881796
82,outputs/tmp_0087_mindif.npy,82.0,0.619703829693,0.333333333333,0.189259023348,0.377384970335,3.42913536135
83,outputs/tmp_0088_mindif.npy,83.0,0.616702313254,0.333333333333,0.175278358298,0.183050108562,0.431761549778
84,outputs/tmp_0089_mindif.npy,84.0,0.61608584112,0.333333333333,0.175999514668,0.206435286534,0.732631775391
85,outputs/tmp_0090_mindif.npy,85.0,0.619020568295,0.333333333333,0.172071340772,0.186504257991,0.60159244255
86,outputs/tmp_0091_mindif.npy,86.0,0.730730882394,0.666666666667,0.443622667512,1.39242536683,9.30282508693
87,outputs/tmp_0092_mindif.npy,87.0,0.613589081797,0.333333333333,0.163808073982,0.159610418429,0.387332566696
88,outputs/tmp_0093_mindif.npy,88.0,0.618288372753,0.333333333333,0.174835134853,0.258872617031,2.4626548013
89,outputs/tmp_0094_mindif.npy,89.0,1.06630723059,0.666666666667,1.83384275954,15.4420161024,316.726588292
90,outputs/tmp_0095_mindif.npy,90.0,2.80301042399,1.0,23.892876298,489.148363415,16042.5270266
91,outputs/tmp_0096_mindif.npy,91.0,0.617185536306,0.333333333333,0.175672468789,0.259295886323,1.54345351814
92,outputs/tmp_0097_mindif.npy,92.0,0.754498668974,0.666666666667,0.474278726646,1.48101372701,10.0818274328
93,outputs/tmp_0098_mindif.npy,93.0,0.642689382759,0.333333333333,0.22339781933,0.558578836872,6.46050253895
94,outputs/tmp_0099_mindif.npy,94.0,0.630434518544,0.333333333333,0.187594430072,0.218997348571,0.64644561058
95,outputs/tmp_0100_mindif.npy,95.0,0.62703733446,0.333333333333,0.184279234329,0.20755890653,0.579591023323
96,outputs/tmp_0101_mindif.npy,96.0,0.616585269777,0.333333333333,0.180863326864,0.30594250007,3.09173689761
97,outputs/tmp_0102_mindif.npy,97.0,0.629093548362,0.333333333333,0.210140193589,0.730108416855,17.971754268
98,outputs/tmp_0103_mindif.npy,98.0,0.655020892842,0.333333333333,0.2404942289,0.430756937423,2.48231529275
99,outputs/tmp_0104_mindif.npy,99.0,0.626587202438,0.333333333333,0.190325878023,0.238438135333,0.861820469668
100,outputs/tmp_0105_mindif.npy,100.0,0.665244783766,0.666666666667,0.262410601324,0.503305112011,2.71439770412
101,outputs/tmp_0106_mindif.npy,101.0,0.641167257608,0.333333333333,0.209878803496,0.291885009516,1.29407472296
102,outputs/tmp_0107_mindif.npy,102.0,0.63468995988,0.333333333333,0.206471281416,0.338342400932,2.10378827036
103,outputs/tmp_0108_mindif.npy,103.0,0.633962022772,0.333333333333,0.202378852865,0.289167559689,1.34185197502
104,outputs/tmp_0109_mindif.npy,104.0,0.618684270162,0.333333333333,0.176105089567,0.194040580033,0.652754717197
105,outputs/tmp_0110_mindif.npy,105.0,0.630642406574,0.333333333333,0.195643964784,0.30583202666,2.36873485954
106,outputs/tmp_0111_mindif.npy,106.0,0.652978136683,0.333333333333,0.230163169573,0.350900391621,1.44526361074
107,outputs/tmp_0112_mindif.npy,107.0,0.633231575925,0.333333333333,0.203391476458,0.305131403671,1.43897155764
108,outputs/tmp_0113_mindif.npy,108.0,0.694526034414,0.666666666667,0.370881029999,1.20806275462,9.83803918469
109,outputs/tmp_0114_mindif.npy,109.0,0.636160748826,0.333333333333,0.193873493545,0.246562267823,0.854097171285
110,outputs/tmp_0115_mindif.npy,110.0,0.65442368164,0.666666666667,0.210581058066,0.295433665253,1.2697633237
111,outputs/tmp_0116_mindif.npy,111.0,0.682584793431,0.666666666667,0.226173518203,0.284045442833,1.02094662705
112,outputs/tmp_0117_mindif.npy,112.0,0.752955178711,0.666666666667,0.309320766958,0.455796031104,1.56541305001
113,outputs/tmp_0118_mindif.npy,113.0,0.735569407572,0.666666666667,0.308612722266,1.42230454199,37.5760157236
114,outputs/tmp_0119_mindif.npy,114.0,0.694061341918,0.666666666667,0.585877733552,24.1881239784,1893.7300328
115,outputs/tmp_0120_mindif.npy,115.0,0.644786861009,0.666666666667,0.204505483346,0.302983437851,1.36900606543
116,outputs/tmp_0121_mindif.npy,116.0,0.617947996109,0.333333333333,0.188562064793,0.488412620469,6.1649108933
117,outputs/tmp_0122_mindif.npy,117.0,0.600331074606,0.333333333333,0.161868649905,0.254808874396,1.9179742297
118,outputs/tmp_0123_mindif.npy,118.0,0.614394701817,0.333333333333,0.198519943263,0.64645851499,10.4768776818
119,outputs/tmp_0124_mindif.npy,119.0,0.656922869251,0.333333333333,0.242918353781,0.409262231828,1.95895566608
120,outputs/tmp_0125_mindif.npy,120.0,0.640552565314,0.333333333333,0.216663084529,0.323564594356,1.37309314287
121,outputs/tmp_0126_mindif.npy,121.0,0.608633359025,0.333333333333,0.17274709036,0.221343245088,1.00499507779
122,outputs/tmp_0127_mindif.npy,122.0,0.645644375794,0.333333333333,0.308399383545,3.97973434897,178.620437547
123,outputs/tmp_0128_mindif.npy,123.0,0.613801222213,0.333333333333,0.179384186541,0.35289896183,6.52390001349
124,outputs/tmp_0129_mindif.npy,124.0,0.633819317298,0.333333333333,0.203572248821,0.275249651923,1.15155536835
125,outputs/tmp_0130_mindif.npy,125.0,0.643566767132,0.333333333333,0.218898379641,0.300653040268,0.998556903049
126,outputs/tmp_0131_mindif.npy,126.0,0.614670732235,0.333333333333,0.176747033994,0.221819966086,1.22040221771
127,outputs/tmp_0132_mindif.npy,127.0,0.639519288565,0.333333333333,0.209937233866,0.318056074243,1.67459097643
128,outputs/tmp_0133_mindif.npy,128.0,0.638265950012,0.333333333333,0.201830403091,0.24210690943,0.721595860171
129,outputs/tmp_0134_mindif.npy,129.0,0.635664591189,0.333333333333,0.201020968295,0.242386601314,0.678188232309
130,outputs/tmp_0135_mindif.npy,130.0,0.619653537275,0.333333333333,0.223399061207,1.63485687244,53.6444131274
131,outputs/tmp_0136_mindif.npy,131.0,0.708520804647,0.666666666667,0.386053994679,1.08874844527,6.88283799539
132,outputs/tmp_0137_mindif.npy,132.0,0.655569575968,0.666666666667,0.23732111529,0.608324752511,9.09403792615
133,outputs/tmp_0138_mindif.npy,133.0,0.644780498904,0.333333333333,0.212294912282,0.288935446422,1.24236349432
134,outputs/tmp_0139_mindif.npy,134.0,0.619199284382,0.333333333333,0.179425738777,0.246524202552,1.89011818984
135,outputs/tmp_0140_mindif.npy,135.0,0.621183261759,0.333333333333,0.180286259543,0.200310677666,0.568187408708
136,outputs/tmp_0141_mindif.npy,136.0,0.635084099332,0.333333333333,0.197838614343,0.247357197636,0.86273843696
137,outputs/tmp_0142_mindif.npy,137.0,0.83986578361,0.666666666667,1.01327845647,10.3207886303,264.895051213
138,outputs/tmp_0143_mindif.npy,138.0,0.617886363833,0.333333333333,0.219309176641,0.898529059699,13.4243282504
139,outputs/tmp_0144_mindif.npy,139.0,0.652993028788,0.333333333333,0.240124817872,0.464232173593,3.11281107609
140,outputs/tmp_0145_mindif.npy,140.0,0.631209715953,0.333333333333,0.359453261402,3.06141413717,51.4416690597
141,outputs/tmp_0146_mindif.npy,141.0,0.644865726661,0.333333333333,0.379063634037,3.2824774828,59.3712812834
142,outputs/tmp_0147_mindif.npy,142.0,0.644174724696,0.333333333333,0.357085734459,3.46052097015,81.634995664
143,outputs/tmp_0148_mindif.npy,143.0,0.672331516524,0.666666666667,0.288210007518,0.886849907769,12.3463791668
144,outputs/tmp_0149_mindif.npy,144.0,0.653854474139,0.333333333333,0.262715123612,0.65829444691,4.56097245086
145,outputs/tmp_0150_mindif.npy,145.0,0.661404854727,0.333333333333,0.430170797591,3.27944441173,46.9785631255
146,outputs/tmp_0151_mindif.npy,146.0,0.625210932268,0.333333333333,0.193087283932,0.265251890997,0.973594904298
147,outputs/tmp_0152_mindif.npy,147.0,0.624145736842,0.333333333333,0.196019359741,0.478169301744,9.07787035148
148,outputs/tmp_0153_mindif.npy,148.0,0.981064024986,0.666666666667,1.21077196754,5.71326305262,50.8270783076
149,outputs/tmp_0154_mindif.npy,149.0,0.629265405904,0.333333333333,0.197024658824,0.377345783462,3.41856513189
150,outputs/tmp_0155_mindif.npy,150.0,0.629973580507,0.333333333333,0.189693858426,0.232272070919,0.799653889218
151,outputs/tmp_0156_mindif.npy,151.0,0.654675532071,0.666666666667,0.228408601209,0.42423132029,3.69840416228
152,outputs/tmp_0157_mindif.npy,152.0,0.619812801582,0.333333333333,0.186260997338,0.436046188205,7.52495322416
153,outputs/tmp_0158_mindif.npy,153.0,0.666072445889,0.666666666667,0.236120801802,0.374252013839,1.88677991011
154,outputs/tmp_0159_mindif.npy,154.0,0.869724480788,0.666666666667,1.15451922738,7.74929361389,95.9032104574
155,outputs/tmp_0160_mindif.npy,155.0,0.813214962951,0.666666666667,0.629329482841,2.36858642198,18.769366522
156,outputs/tmp_0161_mindif.npy,156.0,0.65515300738,0.666666666667,0.203267705725,0.254519421,0.958535210373
157,outputs/tmp_0162_mindif.npy,157.0,0.662050167499,0.666666666667,0.234567236346,0.840291038196,21.7258220558
158,outputs/tmp_0163_mindif.npy,158.0,3.94641864259,1.66666666667,37.5895898095,836.383358447,32162.0137896
159,outputs/tmp_0164_mindif.npy,159.0,0.982141978283,0.666666666667,1.34945639356,7.55615878465,76.9622210559
160,outputs/tmp_0165_mindif.npy,160.0,0.69225152622,0.666666666667,0.338873876373,4.46329901444,252.501194663
161,outputs/tmp_0166_mindif.npy,161.0,1.84507631551,1.0,7.04714412841,73.9521346975,1295.36356376
162,outputs/tmp_0167_mindif.npy,162.0,0.655167199825,0.666666666667,0.201738453147,0.257098582872,1.1395078522
163,outputs/tmp_0168_mindif.npy,163.0,0.698601566659,0.666666666667,0.280347944678,0.51963642215,2.91411023114
164,outputs/tmp_0169_mindif.npy,164.0,1.16370700111,0.666666666667,2.5509468573,20.2107449703,281.324763171
165,outputs/tmp_0170_mindif.npy,165.0,0.716605856359,0.666666666667,0.341398402793,0.727675475785,3.53380391904
166,outputs/tmp_0171_mindif.npy,166.0,0.644372675892,0.666666666667,0.207132921337,0.338509874532,2.49200898479
167,outputs/tmp_0172_mindif.npy,167.0,0.720419502578,0.666666666667,0.407840569986,1.42218097497,13.5122384526
168,outputs/tmp_0173_mindif.npy,168.0,0.655174247739,0.666666666667,0.21826008798,0.299719209134,1.05274361587
169,outputs/tmp_0174_mindif.npy,169.0,0.678510207522,0.666666666667,0.252500396687,0.369095385403,1.34592906636
170,outputs/tmp_0175_mindif.npy,170.0,0.713698022476,0.666666666667,0.362651104883,1.81142148794,52.01731539
171,outputs/tmp_0176_mindif.npy,171.0,0.632394154538,0.333333333333,0.19267953063,0.237857887851,0.763347745126
172,outputs/tmp_0177_mindif.npy,172.0,4.26755787217,1.33333333333,49.303957166,1243.61140429,52198.0638231
173,outputs/tmp_0178_mindif.npy,173.0,0.634903315093,0.333333333333,0.197987021712,0.259487948557,0.963272627945
174,outputs/tmp_0179_mindif.npy,174.0,0.637213786468,0.333333333333,0.213223891106,0.470679422017,5.32651865553
175,outputs/tmp_0180_mindif.npy,175.0,0.63520194112,0.333333333333,0.197269283076,0.242810695556,0.730265092642
176,outputs/tmp_0181_mindif.npy,176.0,0.662632393992,0.666666666667,0.242721145147,0.381386637668,1.59587342248
177,outputs/tmp_0182_mindif.npy,177.0,0.641785293618,0.333333333333,0.42116181428,13.9745151329,968.748771928
178,outputs/tmp_0183_mindif.npy,178.0,0.627933404776,0.333333333333,0.196782471223,0.267431354724,1.11093506595
179,outputs/tmp_0184_mindif.npy,179.0,0.643096845119,0.333333333333,0.228524322816,0.494004553257,4.91344445361
180,outputs/tmp_0185_mindif.npy,180.0,0.615247763386,0.333333333333,0.186485398531,0.349756016111,3.34892044546
181,outputs/tmp_0186_mindif.npy,181.0,0.633423294306,0.333333333333,0.246893095758,1.6484718812,46.6999345229
182,outputs/tmp_0187_mindif.npy,182.0,0.617105664256,0.333333333333,0.180741344684,0.21176058266,0.694181289415
183,outputs/tmp_0188_mindif.npy,183.0,0.622090688555,0.333333333333,0.184613674102,0.214926569718,0.69449434546
184,outputs/tmp_0189_mindif.npy,184.0,0.619384233882,0.333333333333,0.184467967076,0.247933723972,1.16083129079
185,outputs/tmp_0190_mindif.npy,185.0,0.624350802121,0.333333333333,0.202581185986,0.490512116343,6.57381337962
186,outputs/tmp_0191_mindif.npy,186.0,0.652249257997,0.333333333333,0.248442896609,0.619509515185,6.37040357516
187,outputs/tmp_0192_mindif.npy,187.0,0.645295882601,0.333333333333,0.225697833546,0.369045342889,1.94480849535
188,outputs/tmp_0193_mindif.npy,188.0,0.638079060701,0.333333333333,0.208799069306,0.287176269501,1.07624349572
189,outputs/tmp_0194_mindif.npy,189.0,0.619778573028,0.333333333333,0.183251415785,0.221016858035,0.722428362621
190,outputs/tmp_0195_mindif.npy,190.0,0.757534983578,0.666666666667,0.483574751398,1.42577062653,9.04416873259
191,outputs/tmp_0196_mindif.npy,191.0,0.631274228553,0.333333333333,0.207720131689,0.328316157454,1.42621283748
192,outputs/tmp_0197_mindif.npy,192.0,0.629099893606,0.333333333333,0.199922097573,0.367170256384,3.47275963878
193,outputs/tmp_0198_mindif.npy,193.0,0.629719515198,0.333333333333,0.200029262737,0.285962948562,1.17753287733
194,outputs/tmp_0199_mindif.npy,194.0,0.736183318621,0.666666666667,0.442012924558,1.32391791368,8.97261912522
195,outputs/tmp_0200_mindif.npy,195.0,0.632708812039,0.333333333333,0.21902173033,0.692774188432,10.972808618
196,outputs/tmp_0201_mindif.npy,196.0,0.632429564558,0.333333333333,0.195204087276,0.234236305438,0.694647079919
197,outputs/tmp_0202_mindif.npy,197.0,0.660001350948,0.666666666667,0.238643379104,0.412362798299,2.61014021885
198,outputs/tmp_0203_mindif.npy,198.0,0.636454709222,0.333333333333,0.205605340377,0.309824433348,1.67549730793
199,outputs/tmp_0204_mindif.npy,199.0,0.633266849946,0.333333333333,0.199431211773,0.271718369832,1.21650980234
200,outputs/tmp_0205_mindif.npy,200.0,0.66606414067,0.666666666667,0.251898035369,0.44675554415,2.55830789861
201,outputs/tmp_0206_mindif.npy,201.0,0.652765006846,0.333333333333,0.278653532705,2.94116276902,166.199755455
202,outputs/tmp_0207_mindif.npy,202.0,0.623313804464,0.333333333333,0.194750965502,0.354902804443,3.7464128586
203,outputs/tmp_0208_mindif.npy,203.0,0.629259823407,0.333333333333,0.337195006265,6.88592899665,364.056133856
204,outputs/tmp_0209_mindif.npy,204.0,0.63291793472,0.333333333333,0.217212139462,0.608419999209,12.3128569151
205,outputs/tmp_0210_mindif.npy,205.0,0.829673144715,0.666666666667,0.678829253057,2.4907968346,21.4520153033
206,outputs/tmp_0211_mindif.npy,206.0,0.661872505332,0.666666666667,0.255247972027,0.481404149483,2.29598246272
207,outputs/tmp_0212_mindif.npy,207.0,0.67536751639,0.666666666667,0.295456006045,0.818622156181,7.62818768634
208,outputs/tmp_0213_mindif.npy,208.0,0.668222349538,0.666666666667,0.276796973475,0.647990435363,4.11040180826
209,outputs/tmp_0214_mindif.npy,209.0,0.698447358816,0.666666666667,0.342761898713,0.907728702734,6.05822264723
210,outputs/tmp_0215_mindif.npy,210.0,0.631222430473,0.333333333333,0.207682458627,0.369678903556,2.40523709581
211,outputs/tmp_0216_mindif.npy,211.0,0.682895523267,0.666666666667,0.289179993335,0.553111517626,2.54319508439
212,outputs/tmp_0217_mindif.npy,212.0,0.622358815848,0.333333333333,0.187480546342,0.242088127001,0.891092805238
213,outputs/tmp_0218_mindif.npy,213.0,0.649660271528,0.333333333333,0.226722476393,0.369352234084,2.06293208369
214,outputs/tmp_0219_mindif.npy,214.0,0.626440619655,0.333333333333,0.188051299339,0.2143190638,0.609526488547
215,outputs/tmp_0220_mindif.npy,215.0,0.638541735649,0.333333333333,0.209482118009,0.308009110283,1.52356647182
216,outputs/tmp_0221_mindif.npy,216.0,0.698931007845,0.666666666667,0.343874638608,1.04918771319,12.3599416317
217,outputs/tmp_0222_mindif.npy,217.0,0.656690894534,0.333333333333,0.235643504028,0.351724081045,1.35651239799
218,outputs/tmp_0223_mindif.npy,218.0,0.62194469966,0.333333333333,0.183340036697,0.214548759382,0.670804457453
219,outputs/tmp_0224_mindif.npy,219.0,0.62694761937,0.333333333333,0.20840214996,0.516078679304,5.72411826462
220,outputs/tmp_0225_mindif.npy,220.0,0.694867797074,0.666666666667,0.305365995629,0.665324529992,4.92120707867
221,outputs/tmp_0226_mindif.npy,221.0,0.621771206436,0.333333333333,0.181115653133,0.218582756636,0.768951541006
222,outputs/tmp_0227_mindif.npy,222.0,0.675761491937,0.666666666667,0.261981540617,0.508258790309,4.25657861193
223,outputs/tmp_0228_mindif.npy,223.0,0.655241008107,0.666666666667,0.222432993791,0.336878698811,1.70579222971
224,outputs/tmp_0229_mindif.npy,224.0,0.652439376852,0.666666666667,0.22283617487,0.39181103865,2.6361524345
225,outputs/tmp_0230_mindif.npy,225.0,0.880277923634,0.666666666667,0.756901744505,3.25764147382,51.8447462337
226,outputs/tmp_0231_mindif.npy,226.0,0.62877637686,0.333333333333,0.177047897468,0.203462704899,0.728638060968
227,outputs/tmp_0232_mindif.npy,227.0,1.01254522635,0.666666666667,1.55845689747,9.66605659325,110.381212585
228,outputs/tmp_0233_mindif.npy,228.0,0.645440914938,0.666666666667,0.214816248215,0.975018905888,30.4646721827
229,outputs/tmp_0234_mindif.npy,229.0,0.688688751326,0.666666666667,0.256097739327,0.421746801444,2.14747877176
230,outputs/tmp_0235_mindif.npy,230.0,4.4778844577,1.66666666667,54.2597301618,1395.07361353,59227.335766
231,outputs/tmp_0236_mindif.npy,231.0,0.725412576753,0.666666666667,0.331916112057,0.691535480708,4.19985782009
232,outputs/tmp_0237_mindif.npy,232.0,0.663924528419,0.666666666667,0.250090912069,1.12470656106,32.4369623588
233,outputs/tmp_0238_mindif.npy,233.0,0.623627414645,0.333333333333,0.176527899341,0.197333071293,0.573983181198
234,outputs/tmp_0239_mindif.npy,234.0,0.62310539087,0.333333333333,0.18160267304,0.252024612016,1.25184855934
235,outputs/tmp_0240_mindif.npy,235.0,0.623968568721,0.333333333333,0.181395169347,0.26931860442,1.72166208877
236,outputs/tmp_0241_mindif.npy,236.0,0.623855847077,0.333333333333,0.184518300851,0.215345201101,0.657986595029
237,outputs/tmp_0242_mindif.npy,237.0,0.671083548735,0.666666666667,0.304148826428,2.86585297478,125.342622841
238,outputs/tmp_0243_mindif.npy,238.0,0.64195991242,0.333333333333,0.20335710529,0.274279197876,1.42355481391
239,outputs/tmp_0244_mindif.npy,239.0,0.945437745214,0.666666666667,1.28180075413,7.14334744533,70.7444059822
240,outputs/tmp_0245_mindif.npy,240.0,0.815307241206,0.666666666667,0.573637740192,1.68579900586,10.6777818752
241,outputs/tmp_0246_mindif.npy,241.0,0.630923698719,0.333333333333,0.197927070576,0.414522498307,5.07365449163
242,outputs/tmp_0247_mindif.npy,242.0,0.836372265435,0.666666666667,0.695453995785,2.57376115962,19.5063974164
243,outputs/tmp_0248_mindif.npy,243.0,0.683642822375,0.666666666667,0.275535741297,0.511315218019,2.77896817696
244,outputs/tmp_0249_mindif.npy,244.0,0.641643275735,0.333333333333,0.209038890914,0.310320265548,1.47247667756
245,outputs/tmp_0250_mindif.npy,245.0,0.618104650677,0.333333333333,0.177467049702,0.228012131108,1.05089632339
246,outputs/tmp_0251_mindif.npy,246.0,0.6571531061,0.333333333333,0.258032176969,0.798025023827,11.8123555001
247,outputs/tmp_0252_mindif.npy,247.0,0.630997924699,0.333333333333,0.191539421539,0.239783073123,0.968433427973
248,outputs/tmp_0253_mindif.npy,248.0,0.616614204733,0.333333333333,0.182869759136,0.288820220016,2.02262697597
249,outputs/tmp_0254_mindif.npy,249.0,0.64717203648,0.333333333333,0.222223002269,0.312910036588,1.04706305088
250,outputs/tmp_0255_mindif.npy,250.0,0.748320465004,0.666666666667,0.429482221763,1.11098822904,6.72169013501
251,outputs/tmp_0256_mindif.npy,251.0,0.628067678989,0.333333333333,0.1919045738,0.277021405829,1.58271282393
252,outputs/tmp_0257_mindif.npy,252.0,0.616375497187,0.333333333333,0.175605611721,0.197610883827,0.648423960941
253,outputs/tmp_0258_mindif.npy,253.0,0.62561598789,0.333333333333,0.498125525516,24.7989185627,2147.57828905
254,outputs/tmp_0259_mindif.npy,254.0,0.67100065533,0.666666666667,0.269028021032,0.675987281481,7.40236197824
255,outputs/tmp_0260_mindif.npy,255.0,0.630070690688,0.333333333333,0.200808357386,0.36981026176,3.46745108942
256,outputs/tmp_0261_mindif.npy,256.0,0.703612414082,0.666666666667,0.387822304778,1.29361954206,11.5746682092
257,outputs/tmp_0262_mindif.npy,257.0,0.628388964642,0.333333333333,0.228521969836,1.13088668267,24.7604330114
258,outputs/tmp_0263_mindif.npy,258.0,0.639268944452,0.333333333333,0.202831476714,0.266649045804,1.1021263946
259,outputs/tmp_0264_mindif.npy,259.0,0.623915135206,0.333333333333,0.190016589486,0.464381096272,6.99423053022
260,outputs/tmp_0265_mindif.npy,260.0,0.628748725718,0.333333333333,0.183056875181,0.203262526936,0.592034183098
261,outputs/tmp_0266_mindif.npy,261.0,0.626747568177,0.333333333333,0.18273647207,0.227108064651,1.01997919791
262,outputs/tmp_0267_mindif.npy,262.0,0.676092744094,0.666666666667,0.282067764558,0.554402762192,2.52184063802
263,outputs/tmp_0268_mindif.npy,263.0,1.11040696107,0.666666666667,1.53411385149,10.8619714289,341.72659351
264,outputs/tmp_0269_mindif.npy,264.0,0.96135144836,0.666666666667,0.973475382732,3.82853512579,31.5126812884
265,outputs/tmp_0270_mindif.npy,265.0,0.673830441666,0.666666666667,0.25598753179,0.528983612124,4.61787162554
266,outputs/tmp_0271_mindif.npy,266.0,0.651901844431,0.666666666667,0.207892448565,0.2865062975,1.7139574494
267,outputs/tmp_0272_mindif.npy,267.0,0.653968819128,0.666666666667,0.264552149098,2.77889938803,119.941716771
268,outputs/tmp_0273_mindif.npy,268.0,0.722321835976,0.666666666667,0.332525378795,0.642368996372,2.82910052319
269,outputs/tmp_0274_mindif.npy,269.0,0.650340286389,0.666666666667,0.335314226473,8.08155736325,535.341382886
270,outputs/tmp_0275_mindif.npy,270.0,0.940417351549,0.666666666667,1.41199738377,9.44715735583,117.833627521
271,outputs/tmp_0276_mindif.npy,271.0,0.654468139988,0.666666666667,0.214340823722,0.260459898921,0.739942337327
272,outputs/tmp_0277_mindif.npy,272.0,1.10357291604,0.666666666667,1.91705991032,13.4462394608,198.528666173
273,outputs/tmp_0278_mindif.npy,273.0,0.681715880038,0.666666666667,0.267817074774,0.442687635451,1.81688200255
274,outputs/tmp_0279_mindif.npy,274.0,0.638546839486,0.333333333333,0.194799007524,0.237307146021,0.82322079148
275,outputs/tmp_0280_mindif.npy,275.0,0.62820220164,0.333333333333,0.203710867567,0.821262120788,20.93462129
276,outputs/tmp_0281_mindif.npy,276.0,0.661396773195,0.666666666667,0.237056890338,0.438247884705,4.45994888465
277,outputs/tmp_0282_mindif.npy,277.0,0.629995393964,0.333333333333,0.188018359534,0.254123482796,1.41806168669
278,outputs/tmp_0283_mindif.npy,278.0,0.742025461578,0.666666666667,0.412395004637,1.23193413639,12.2714858763
279,outputs/tmp_0284_mindif.npy,279.0,0.632361993081,0.333333333333,0.196497207717,0.386267664702,4.06674578162
280,outputs/tmp_0285_mindif.npy,280.0,0.644279666997,0.666666666667,0.190897628259,0.230178813694,0.845264966592
281,outputs/tmp_0286_mindif.npy,281.0,0.662452619052,0.666666666667,0.216193544517,0.288788123934,1.08177660272
282,outputs/tmp_0287_mindif.npy,282.0,0.66453937865,0.666666666667,0.203475161645,0.239875186189,0.823716316358
283,outputs/tmp_0288_mindif.npy,283.0,0.768293916243,0.666666666667,0.47838344749,8.76217188941,812.89226629
284,outputs/tmp_0289_mindif.npy,284.0,2.05431171331,1.0,9.26395964347,124.594668596,2808.87152195
285,outputs/tmp_0290_mindif.npy,285.0,2.81903886946,1.33333333333,16.3620469642,261.025344474,7607.58347956
286,outputs/tmp_0291_mindif.npy,286.0,0.670879818444,0.666666666667,0.214606878099,0.281573072139,1.23499970499
287,outputs/tmp_0292_mindif.npy,287.0,1.93414357593,1.0,6.86963331842,75.8826343201,1481.51042198
288,outputs/tmp_0293_mindif.npy,288.0,0.866004786029,0.666666666667,0.77614294094,3.07909182957,24.0535075427
289,outputs/tmp_0294_mindif.npy,289.0,0.692572268051,0.666666666667,0.248306746758,0.360444740007,1.43420839274
290,outputs/tmp_0295_mindif.npy,290.0,0.646700687188,0.666666666667,0.191939572847,0.208981852234,0.557762725873
291,outputs/tmp_0296_mindif.npy,291.0,0.659663564909,0.666666666667,0.220067664965,0.285571547297,0.963660466741
292,outputs/tmp_0297_mindif.npy,292.0,0.692970449001,0.666666666667,0.266429097379,0.404084412129,1.64830787025
293,outputs/tmp_0298_mindif.npy,293.0,0.729694566202,0.666666666667,0.37605579829,0.991728520999,7.85076647112
294,outputs/tmp_0299_mindif.npy,294.0,0.652592116789,0.666666666667,0.212010259675,0.251625829759,0.71152657686
295,outputs/tmp_0300_mindif.npy,295.0,0.649847127579,0.666666666667,0.218512879442,0.391987678951,3.55535496816
296,outputs/tmp_0301_mindif.npy,296.0,0.638104223336,0.333333333333,0.199505935924,0.297391349871,2.61399567273
297,outputs/tmp_0302_mindif.npy,297.0,0.954151513468,0.666666666667,1.33746971351,7.5855881034,73.9330481237
298,outputs/tmp_0303_mindif.npy,298.0,0.659981122119,0.666666666667,0.231569209865,0.361215186635,1.7668125161
299,outputs/tmp_0304_mindif.npy,299.0,0.683688316784,0.666666666667,0.281391791894,0.498841902444,2.08930480112
300,outputs/tmp_0305_mindif.npy,300.0,0.629708403298,0.333333333333,0.267313085342,3.14166125322,126.681927495
301,outputs/tmp_0306_mindif.npy,301.0,0.627080981701,0.333333333333,0.27531841937,4.10228628624,190.703239209
302,outputs/tmp_0307_mindif.npy,302.0,0.635621562595,0.333333333333,0.195303819345,0.222396833135,0.605240376419
303,outputs/tmp_0308_mindif.npy,303.0,0.634657192233,0.333333333333,0.198355954262,0.235530695533,0.666138948745
304,outputs/tmp_0309_mindif.npy,304.0,0.643206341504,0.333333333333,0.22056868164,0.402575591976,3.22134957864
305,outputs/tmp_0310_mindif.npy,305.0,0.633282540016,0.333333333333,0.196264901568,0.232734396774,0.69491512829
306,outputs/tmp_0311_mindif.npy,306.0,0.631419803927,0.333333333333,0.191155358787,0.209272649537,0.499720195749
307,outputs/tmp_0312_mindif.npy,307.0,0.63453598451,0.333333333333,0.194137002753,0.236738530761,0.822700523977
308,outputs/tmp_0313_mindif.npy,308.0,0.636036207386,0.333333333333,0.20046180852,0.254516250139,0.856469712798
309,outputs/tmp_0314_mindif.npy,309.0,0.699346835159,0.666666666667,0.295956519334,0.510354752136,2.10923198151
310,outputs/tmp_0315_mindif.npy,310.0,0.631264552347,0.333333333333,0.190957744207,0.217817298985,0.579455865639
311,outputs/tmp_0316_mindif.npy,311.0,0.658964777719,0.666666666667,0.236562180296,0.44131026701,3.38326791397
312,outputs/tmp_0317_mindif.npy,312.0,0.811243540023,0.666666666667,0.667021767937,2.64751836629,22.3057784481
313,outputs/tmp_0318_mindif.npy,313.0,0.715273733534,0.666666666667,0.354571208682,0.80913188046,4.28754452993
314,outputs/tmp_0319_mindif.npy,314.0,0.683695928777,0.666666666667,0.286504175478,0.587236611354,3.52983187715
315,outputs/tmp_0320_mindif.npy,315.0,0.666214002316,0.666666666667,0.248780255891,0.389736451507,1.45751137623
316,outputs/tmp_0321_mindif.npy,316.0,0.630996949197,0.333333333333,0.211591706073,1.34208211096,71.5597239295
317,outputs/tmp_0322_mindif.npy,317.0,0.630337026429,0.333333333333,0.196165611763,0.298044635554,1.77069885349
318,outputs/tmp_0323_mindif.npy,318.0,0.624085909064,0.333333333333,0.188852957245,0.252942826451,1.1027861727
319,outputs/tmp_0324_mindif.npy,319.0,0.633676700456,0.333333333333,0.210760753158,0.5728229837,11.5032119008
320,outputs/tmp_0325_mindif.npy,320.0,0.624446516272,0.333333333333,0.188921794369,0.255111797461,1.23606856664
321,outputs/tmp_0326_mindif.npy,321.0,0.621756515007,0.333333333333,0.19766883576,0.533325822537,10.1061345086
322,outputs/tmp_0327_mindif.npy,322.0,0.629793560884,0.333333333333,0.195773724598,0.264322879533,1.09908125255
323,outputs/tmp_0328_mindif.npy,323.0,0.623335458374,0.333333333333,0.187725417523,0.275536821069,2.16277098118
324,outputs/tmp_0329_mindif.npy,324.0,0.672797575625,0.666666666667,0.2922096462,0.647334275039,3.55508113628
325,outputs/tmp_0330_mindif.npy,325.0,0.626251711967,0.333333333333,0.197450062706,0.373803799976,3.59895977478
326,outputs/tmp_0331_mindif.npy,326.0,0.651506755484,0.333333333333,0.278350993126,1.94247962557,68.9202606093
327,outputs/tmp_0332_mindif.npy,327.0,0.682194791914,0.666666666667,0.289235647489,0.561368282127,3.04091253767
328,outputs/tmp_0333_mindif.npy,328.0,0.631521198176,0.333333333333,0.201781703451,0.283090596968,1.11770493485
329,outputs/tmp_0334_mindif.npy,329.0,0.641252205713,0.333333333333,0.213314548583,0.334822430337,2.04990020056
330,outputs/tmp_0335_mindif.npy,330.0,0.634687130518,0.333333333333,0.205624414252,0.321860892631,2.4657184023
331,outputs/tmp_0336_mindif.npy,331.0,0.624912606942,0.333333333333,0.186994390158,0.217227433814,0.645909796094
332,outputs/tmp_0337_mindif.npy,332.0,0.670146825258,0.666666666667,0.26022003807,0.428682494012,1.83595927297
333,outputs/tmp_0338_mindif.npy,333.0,0.639396899075,0.333333333333,0.219036635329,0.546381343542,8.55815453715
334,outputs/tmp_0339_mindif.npy,334.0,0.633072286455,0.333333333333,0.203491692184,0.325136846258,2.2367397202
335,outputs/tmp_0340_mindif.npy,335.0,0.642073441646,0.333333333333,0.48704866035,20.1473154465,1544.40312569
336,outputs/tmp_0341_mindif.npy,336.0,0.647513472399,0.333333333333,0.216974357133,0.280911419987,0.85482125726
337,outputs/tmp_0342_mindif.npy,337.0,0.636117406579,0.333333333333,0.200564410553,0.265139799482,1.15048157706
338,outputs/tmp_0343_mindif.npy,338.0,0.63338641983,0.333333333333,0.197436084319,0.246432451306,0.809419273175
339,outputs/tmp_0344_mindif.npy,339.0,0.624514830526,0.333333333333,0.186094853015,0.242234651804,1.06710934312
340,outputs/tmp_0345_mindif.npy,340.0,0.639480641731,0.333333333333,0.204471384087,0.274113324717,1.12248024933
341,outputs/tmp_0346_mindif.npy,341.0,0.701001987294,0.666666666667,0.319079735474,0.632800119888,2.9475679789
342,outputs/tmp_0347_mindif.npy,342.0,0.653058868553,0.333333333333,0.222962391401,0.299477998009,0.972132099791
343,outputs/tmp_0348_mindif.npy,343.0,0.631264695949,0.333333333333,0.192425077681,0.227728259354,0.674846410163
344,outputs/tmp_0349_mindif.npy,344.0,0.858865298584,0.666666666667,0.757124705929,3.03403845607,29.6694278967
345,outputs/tmp_0350_mindif.npy,345.0,0.643941819353,0.333333333333,0.207411022649,0.260190491586,0.795169843187
346,outputs/tmp_0351_mindif.npy,346.0,0.621802789951,0.333333333333,0.178357548096,0.235947093977,0.986037019069
347,outputs/tmp_0352_mindif.npy,347.0,0.628284604176,0.333333333333,0.24774605443,3.15393815266,133.241318937
348,outputs/tmp_0353_mindif.npy,348.0,0.650571412861,0.666666666667,0.202588359698,0.393956023627,5.52172420156
349,outputs/tmp_0354_mindif.npy,349.0,0.704877718823,0.666666666667,0.247573183718,0.308569786688,0.893083162133
350,outputs/tmp_0355_mindif.npy,350.0,0.778205882154,0.666666666667,0.327716946995,0.478535543105,1.89120345982
351,outputs/tmp_0356_mindif.npy,351.0,0.754642153132,0.666666666667,0.301332616778,0.415462310908,1.30268736829
352,outputs/tmp_0357_mindif.npy,352.0,0.68554061351,0.666666666667,0.2982293798,3.03750916042,120.21793842
353,outputs/tmp_0358_mindif.npy,353.0,0.658555901993,0.666666666667,0.239964572544,0.786215897082,10.3159172514
354,outputs/tmp_0359_mindif.npy,354.0,0.626469810668,0.333333333333,0.171415421691,0.180039189677,0.508735112682
355,outputs/tmp_0360_mindif.npy,355.0,0.725862157312,0.666666666667,0.394115873674,1.12841794496,8.59660250201
356,outputs/tmp_0361_mindif.npy,356.0,0.643963058751,0.333333333333,0.222837279415,0.433169694167,3.10135412705
357,outputs/tmp_0362_mindif.npy,357.0,0.622940141979,0.333333333333,0.195836436818,0.377697557946,3.04452475279
358,outputs/tmp_0363_mindif.npy,358.0,0.706829928064,0.666666666667,0.329124770283,0.662010715845,3.05072938024
359,outputs/tmp_0364_mindif.npy,359.0,0.965087510163,0.666666666667,1.17042444444,5.56262703034,49.9809463226
360,outputs/tmp_0365_mindif.npy,360.0,0.636348740744,0.333333333333,0.193658695451,0.221752700398,0.608431792901
361,outputs/tmp_0366_mindif.npy,361.0,0.661874406349,0.666666666667,0.252240672943,0.424439919838,1.71001143267
362,outputs/tmp_0367_mindif.npy,362.0,0.694426861173,0.666666666667,0.513348407593,2.92605275579,36.0447561311
363,outputs/tmp_0368_mindif.npy,363.0,0.665636886202,0.666666666667,0.332533994151,3.80585308098,146.847514846
364,outputs/tmp_0369_mindif.npy,364.0,0.768460004406,0.666666666667,0.764884834059,5.57681082831,80.6918959066
365,outputs/tmp_0370_mindif.npy,365.0,0.983311421654,0.666666666667,4.76526451505,111.843359018,3547.75546778
366,outputs/tmp_0371_mindif.npy,366.0,1.00598191381,0.666666666667,3.56645472524,104.902612848,5165.64901207
367,outputs/tmp_0372_mindif.npy,367.0,1.53670323454,0.666666666667,10.4457475734,202.619348338,5022.69688811
368,outputs/tmp_0373_mindif.npy,368.0,1.65070359409,0.666666666667,14.6733307536,312.593499021,8153.68995821
369,outputs/tmp_0374_mindif.npy,369.0,1.10601446174,0.666666666667,4.53982774249,83.2848518494,2250.78795527
370,outputs/tmp_0375_mindif.npy,370.0,1.42731255312,0.666666666667,16.7063341541,690.880294956,37399.7764535
371,outputs/tmp_0376_mindif.npy,371.0,1.20707071843,0.666666666667,4.16087435056,51.2232786486,1058.38612355
372,outputs/tmp_0377_mindif.npy,372.0,1.15632002058,0.666666666667,5.95866537042,115.825091066,3389.37426537
373,outputs/tmp_0378_mindif.npy,373.0,1.52569207985,0.666666666667,17.5215996884,648.874780357,35364.5921403
374,outputs/tmp_0379_mindif.npy,374.0,1.13223781221,0.666666666667,7.21427273282,183.93947702,7340.4677546
375,outputs/tmp_0380_mindif.npy,375.0,0.844247105184,0.666666666667,1.32898506345,18.1495277547,516.468391436
376,outputs/tmp_0381_mindif.npy,376.0,0.662709516438,0.666666666667,0.443597797551,5.75073879684,173.704844418
377,outputs/tmp_0382_mindif.npy,377.0,0.666043184168,0.333333333333,0.441382244396,3.48776562398,56.3757873562
378,outputs/tmp_0383_mindif.npy,378.0,0.665330672258,0.333333333333,0.512529357607,3.71416413302,44.7206436928
379,outputs/tmp_0384_mindif.npy,379.0,0.662826656954,0.333333333333,0.463566808389,3.17905911392,36.1589085924
380,outputs/tmp_0385_mindif.npy,380.0,0.665826126472,0.666666666667,0.261390512115,0.600124008129,4.89415300754
381,outputs/tmp_0386_mindif.npy,381.0,0.649851846019,0.333333333333,0.268378306644,0.695086935332,4.76495462618
382,outputs/tmp_0387_mindif.npy,382.0,0.6282501428,0.333333333333,0.201756752978,0.425309677226,3.8932762863
383,outputs/tmp_0388_mindif.npy,383.0,0.634460346289,0.333333333333,0.288563170523,3.27435193406,120.496751793
384,outputs/tmp_0389_mindif.npy,384.0,0.696526418372,0.666666666667,0.320421710577,0.687535682615,3.63899066291
385,outputs/tmp_0390_mindif.npy,385.0,0.632807402155,0.333333333333,0.191891344928,0.215909872188,0.552312533786
386,outputs/tmp_0391_mindif.npy,386.0,0.752044118532,0.666666666667,0.44682010173,1.27045774945,9.2363449089
387,outputs/tmp_0392_mindif.npy,387.0,0.679222676146,0.666666666667,0.266120864462,0.452102849407,2.08216996774
388,outputs/tmp_0393_mindif.npy,388.0,0.641265303762,0.333333333333,0.210507908534,0.32794913616,2.07088910053
389,outputs/tmp_0394_mindif.npy,389.0,0.632585292839,0.333333333333,0.193858062041,0.243422176768,0.823043847657
390,outputs/tmp_0395_mindif.npy,390.0,0.683210024995,0.666666666667,0.274324868095,0.481799229116,2.25153192613
391,outputs/tmp_0396_mindif.npy,391.0,0.680668631556,0.666666666667,0.262958142209,0.437330720602,2.2408376573
392,outputs/tmp_0397_mindif.npy,392.0,0.636544597422,0.333333333333,0.19689280002,0.236328913439,0.706225774754
393,outputs/tmp_0398_mindif.npy,393.0,0.667484622367,0.666666666667,0.243514372717,0.350588137026,1.18420254
394,outputs/tmp_0399_mindif.npy,394.0,0.721023239772,0.666666666667,0.392420771407,1.12158593842,8.2074538419
395,outputs/tmp_0400_mindif.npy,395.0,0.675492155684,0.666666666667,0.258285328403,0.406282759771,1.5326203431
396,outputs/tmp_0401_mindif.npy,396.0,0.648456763556,0.666666666667,0.207245731111,0.281068723335,1.31334114686
397,outputs/tmp_0402_mindif.npy,397.0,0.671235084749,0.666666666667,0.230835621749,0.294434907362,0.870099727024
398,outputs/tmp_0403_mindif.npy,398.0,0.727648364126,0.666666666667,0.305592877948,0.458343285131,1.53184273787
399,outputs/tmp_0404_mindif.npy,399.0,0.679218629386,0.666666666667,0.234645433225,0.306256610547,1.01512995508
400,outputs/tmp_0405_mindif.npy,400.0,0.67862974257,0.666666666667,0.2412400469,0.326795023833,1.03218102428
401,outputs/tmp_0406_mindif.npy,401.0,0.681097190678,0.666666666667,0.254694975983,0.405657317288,1.87178374877
402,outputs/tmp_0407_mindif.npy,402.0,0.636243887348,0.333333333333,0.197970902882,0.290431162655,1.43746448701
403,outputs/tmp_0408_mindif.npy,403.0,0.67018502365,0.666666666667,0.25822561602,0.552324889218,4.36719868474
404,outputs/tmp_0409_mindif.npy,404.0,0.97787431417,0.666666666667,1.23479567266,6.45113317626,66.2785926774
405,outputs/tmp_0410_mindif.npy,405.0,0.636926570798,0.333333333333,0.194034542587,0.238039504853,0.956460083147
406,outputs/tmp_0411_mindif.npy,406.0,0.645936895516,0.333333333333,0.62881349042,35.7394229321,3306.18558254
407,outputs/tmp_0412_mindif.npy,407.0,0.68999893079,0.666666666667,0.284259263684,0.534685874972,2.86056720665
408,outputs/tmp_0413_mindif.npy,408.0,0.876567924594,0.666666666667,0.838461719363,3.34387787993,24.8652102975
409,outputs/tmp_0414_mindif.npy,409.0,0.631836268447,0.333333333333,0.188981969591,0.223288007123,0.669673355414
410,outputs/tmp_0415_mindif.npy,410.0,0.635141720422,0.333333333333,0.196689166083,0.274403408567,1.223958302
411,outputs/tmp_0416_mindif.npy,411.0,0.758571839189,0.666666666667,0.814796752469,15.9953703551,593.920922164
412,outputs/tmp_0417_mindif.npy,412.0,0.669433800077,0.666666666667,0.400403778775,5.8118021555,200.755925867
413,outputs/tmp_0418_mindif.npy,413.0,0.690322113809,0.666666666667,0.292500712281,0.59556670291,2.95755873354
414,outputs/tmp_0419_mindif.npy,414.0,0.721372978695,0.666666666667,0.53994825787,2.98137230607,31.6258736149
415,outputs/tmp_0420_mindif.npy,415.0,1.16505742236,0.666666666667,5.68314922936,161.564120307,7270.47129179
416,outputs/tmp_0421_mindif.npy,416.0,1.25058134996,0.666666666667,8.99194777389,190.44491213,5052.02354271
417,outputs/tmp_0422_mindif.npy,417.0,1.05931788037,0.666666666667,3.59895539862,62.1424838478,2412.02350268
418,outputs/tmp_0423_mindif.npy,418.0,1.02459204461,0.666666666667,3.56383977545,62.2076309329,1536.17178338
419,outputs/tmp_0424_mindif.npy,419.0,1.19602740682,0.666666666667,4.17539102606,78.0367107425,2886.34647157
420,outputs/tmp_0425_mindif.npy,420.0,1.15464025189,0.666666666667,4.02309256603,64.6701400569,1750.28945319
421,outputs/tmp_0426_mindif.npy,421.0,1.0452657064,0.666666666667,3.19366356347,44.5554989358,915.335847669
422,outputs/tmp_0427_mindif.npy,422.0,1.00249459854,0.666666666667,2.49125672604,39.1261214718,1135.34162843
423,outputs/tmp_0428_mindif.npy,423.0,1.1229887255,0.666666666667,2.37635312218,21.8598804075,356.190606457
424,outputs/tmp_0429_mindif.npy,424.0,1.21370994364,0.666666666667,3.18812365019,35.5978311954,595.187209783
425,outputs/tmp_0430_mindif.npy,425.0,1.520085092,1.0,5.32391199894,65.8553585408,1379.69243218
426,outputs/tmp_0431_mindif.npy,426.0,1.32907461061,0.666666666667,4.36805699813,54.4408181757,981.189492099
427,outputs/tmp_0432_mindif.npy,427.0,1.20724190363,0.666666666667,3.46211562486,42.3630699713,1007.12350536
428,outputs/tmp_0433_mindif.npy,428.0,1.25859408006,0.666666666667,5.5033394556,94.3588399503,2491.99179759
429,outputs/tmp_0434_mindif.npy,429.0,1.67949661398,0.666666666667,11.5036649397,308.314810534,14359.0627108
430,outputs/tmp_0435_mindif.npy,430.0,1.30454895951,0.666666666667,12.5710843005,650.566872925,46876.130197
431,outputs/tmp_0436_mindif.npy,431.0,1.13796218788,0.666666666667,3.37360404688,43.512125523,908.790177848
432,outputs/tmp_0437_mindif.npy,432.0,1.32177992166,0.666666666667,7.3964337947,155.709706547,4442.83380607
433,outputs/tmp_0438_mindif.npy,433.0,1.22464033347,0.666666666667,4.60916561282,65.4906902002,1312.98108591
434,outputs/tmp_0439_mindif.npy,434.0,1.17914439125,0.666666666667,3.8511434547,57.4940510403,1261.75040039
435,outputs/tmp_0440_mindif.npy,435.0,1.10677670263,0.666666666667,2.87184348666,46.2539918595,1727.19552818
436,outputs/tmp_0441_mindif.npy,436.0,1.76808784786,0.666666666667,18.7452397443,791.33341425,47761.1602728
437,outputs/tmp_0442_mindif.npy,437.0,1.80100384372,0.666666666667,19.921832523,637.169789665,29604.3999806
438,outputs/tmp_0443_mindif.npy,438.0,1.47690865629,0.666666666667,11.6734202058,364.119134835,15945.223264
439,outputs/tmp_0444_mindif.npy,439.0,2.13952835854,0.666666666667,54.0809893395,3549.03346342,279668.023343
440,outputs/tmp_0445_mindif.npy,440.0,1.70727632652,1.0,16.8351545017,638.33978794,30851.5164555
441,outputs/tmp_0446_mindif.npy,441.0,1.42842205302,0.666666666667,8.51840210141,253.377159222,10283.4059277
442,outputs/tmp_0447_mindif.npy,442.0,1.50927805242,0.666666666667,7.35460492241,180.228576277,6510.44201234
443,outputs/tmp_0448_mindif.npy,443.0,1.15659818825,0.666666666667,2.87443609641,34.7100332195,608.302801541
444,outputs/tmp_0449_mindif.npy,444.0,0.976738875099,0.666666666667,1.63394178797,26.0009740831,788.022399363
445,outputs/tmp_0450_mindif.npy,445.0,0.939664729754,0.666666666667,1.03117043601,5.76628267223,57.6669421284
446,outputs/tmp_0451_mindif.npy,446.0,1.10517334535,0.666666666667,1.76394205409,10.7136300542,113.354032455
447,outputs/tmp_0452_mindif.npy,447.0,1.4444469467,0.666666666667,6.37977838822,96.0366248824,2001.84748298
448,outputs/tmp_0453_mindif.npy,448.0,0.85778532523,0.666666666667,0.701713992429,3.97255058106,42.80250219
449,outputs/tmp_0454_mindif.npy,449.0,1.04787005713,0.666666666667,1.08855209103,6.21261503349,73.4477326513
450,outputs/tmp_0455_mindif.npy,450.0,1.01617108436,0.666666666667,1.37117825565,12.708319254,222.312870837
451,outputs/tmp_0456_mindif.npy,451.0,1.01455872858,0.666666666667,1.11752007964,7.44583819055,100.360708985
452,outputs/tmp_0457_mindif.npy,452.0,1.10445786069,0.666666666667,1.76029524771,12.9231022271,163.790838265
453,outputs/tmp_0458_mindif.npy,453.0,1.2554756906,0.666666666667,2.43188707467,16.4151242455,191.480428251
454,outputs/tmp_0459_mindif.npy,454.0,1.38127313678,0.666666666667,4.08609069734,40.2988351282,583.542926298
455,outputs/tmp_0460_mindif.npy,455.0,1.6414706654,1.0,6.61849076706,77.5644771457,1306.24066828
456,outputs/tmp_0461_mindif.npy,456.0,1.47950675848,1.0,4.29397514633,44.6163619994,789.879650585
457,outputs/tmp_0462_mindif.npy,457.0,1.61517830154,1.0,7.64342493428,173.365238516,6970.84897402
458,outputs/tmp_0463_mindif.npy,458.0,1.47476446298,1.0,4.81197924863,83.8675448006,2904.73821629
459,outputs/tmp_0464_mindif.npy,459.0,1.69198140525,1.0,9.02073074625,176.811425248,5090.80236235
460,outputs/tmp_0465_mindif.npy,460.0,1.51772615328,1.0,7.799463492,207.034811828,8409.60966579
461,outputs/tmp_0466_mindif.npy,461.0,1.44853288369,1.0,4.80755707853,69.3572424239,1551.07861126
462,outputs/tmp_0467_mindif.npy,462.0,1.64955863023,0.666666666667,11.5961670404,352.545454531,15535.6631282
463,outputs/tmp_0468_mindif.npy,463.0,1.60021082261,1.0,5.07537362813,56.0638948365,1011.62271765
464,outputs/tmp_0469_mindif.npy,464.0,1.49291869836,1.0,5.26300091791,73.4219407868,1631.63509205
465,outputs/tmp_0470_mindif.npy,465.0,1.2940922844,0.666666666667,2.53379320336,18.6533934522,239.131000919
466,outputs/tmp_0471_mindif.npy,466.0,1.21488505213,0.666666666667,3.98436788801,107.989108878,4693.39962658
467,outputs/tmp_0472_mindif.npy,467.0,1.29993514087,1.0,4.28178148634,125.494575512,6022.71550497
468,outputs/tmp_0473_mindif.npy,468.0,1.42406443109,1.0,4.99782142614,123.432337267,5471.59257876
469,outputs/tmp_0474_mindif.npy,469.0,1.29975442803,0.666666666667,3.46869665797,40.3261980563,798.170204072
470,outputs/tmp_0475_mindif.npy,470.0,1.23115304413,0.666666666667,3.06123390329,35.3420183416,722.729435473
471,outputs/tmp_0476_mindif.npy,471.0,1.15057814212,0.666666666667,4.64282855902,100.155648967,2908.98199844
472,outputs/tmp_0477_mindif.npy,472.0,1.10821063758,0.666666666667,2.52631512578,27.9589513377,517.52062898
473,outputs/tmp_0478_mindif.npy,473.0,1.27169352793,0.666666666667,2.36859285313,19.4697728625,313.319350043
474,outputs/tmp_0479_mindif.npy,474.0,1.12203556407,0.666666666667,1.92554002299,12.9639234008,148.708437942
475,outputs/tmp_0480_mindif.npy,475.0,0.973809352098,0.666666666667,1.15565208319,5.31844403751,39.6401554069
476,outputs/tmp_0481_mindif.npy,476.0,1.08595170433,0.666666666667,2.06624140091,15.6282148587,180.256691705
477,outputs/tmp_0482_mindif.npy,477.0,1.07972259351,0.666666666667,1.45360582354,7.58892459547,72.129169508
478,outputs/tmp_0483_mindif.npy,478.0,1.28023662533,0.666666666667,5.31338610706,72.4160115271,1327.8347158
479,outputs/tmp_0484_mindif.npy,479.0,1.01567135799,0.666666666667,1.49966418871,9.3015235584,95.1530692522
480,outputs/tmp_0485_mindif.npy,480.0,0.979557607819,0.666666666667,1.14695803541,6.43624072348,68.6966778607
481,outputs/tmp_0486_mindif.npy,481.0,0.905671660533,0.666666666667,0.909635398206,6.00425324294,86.2911317132
482,outputs/tmp_0487_mindif.npy,482.0,0.961122193251,0.666666666667,1.2219846943,7.86402419854,95.4656979785
483,outputs/tmp_0488_mindif.npy,483.0,0.905246741599,0.666666666667,1.31162684193,35.9198316741,2608.29859467
484,outputs/tmp_0489_mindif.npy,484.0,0.908722429601,0.666666666667,1.59419688392,16.275934934,251.206474684
485,outputs/tmp_0490_mindif.npy,485.0,0.910965269464,0.666666666667,1.24990056197,7.86812079642,78.129845352
486,outputs/tmp_0491_mindif.npy,486.0,0.8672555679,0.666666666667,1.16534684231,8.88718506678,108.116654638
487,outputs/tmp_0492_mindif.npy,487.0,0.896601806627,0.666666666667,1.19065834645,7.61536000691,78.3586744791
488,outputs/tmp_0493_mindif.npy,488.0,0.741686788394,0.666666666667,0.464899734481,3.12180653292,75.8310171208
489,outputs/tmp_0494_mindif.npy,489.0,0.767993319789,0.666666666667,0.775454743112,6.42347409866,96.2962673332
490,outputs/tmp_0495_mindif.npy,490.0,0.820522802016,0.666666666667,1.21281282011,9.10720930409,97.9000853934
491,outputs/tmp_0496_mindif.npy,491.0,0.781427014586,0.666666666667,1.31375718494,19.5510863978,451.994320484
492,outputs/tmp_0497_mindif.npy,492.0,0.835489485914,0.666666666667,2.1339038256,32.3588398739,666.725620349
493,outputs/tmp_0498_mindif.npy,493.0,0.88285868156,0.666666666667,3.34166859018,58.7232158536,1249.75029928
494,outputs/tmp_0499_mindif.npy,494.0,0.731134263064,0.666666666667,0.682711756914,8.58523762922,211.668193742
495,outputs/tmp_0500_mindif.npy,495.0,0.711932203371,0.666666666667,0.40460682136,1.66486818412,22.8905141498
496,outputs/tmp_0501_mindif.npy,496.0,0.687011788089,0.666666666667,0.309579020445,0.808757944835,5.69738015328
497,outputs/tmp_0502_mindif.npy,497.0,0.83151177176,0.666666666667,1.32530426514,16.1435602768,335.305481149
498,outputs/tmp_0503_mindif.npy,498.0,0.758215895782,0.666666666667,0.827483825234,6.54551614023,95.5651261643
499,outputs/tmp_0504_mindif.npy,499.0,0.799585826808,0.666666666667,1.03679201578,9.97589728686,166.542759284
500,outputs/tmp_0505_mindif.npy,500.0,0.910156744404,0.666666666667,3.10449256812,60.6299244799,1609.73288145
501,outputs/tmp_0506_mindif.npy,501.0,0.760168940784,0.666666666667,1.49463963916,27.5006514481,682.81597575
502,outputs/tmp_0507_mindif.npy,502.0,1.13079933748,0.666666666667,5.44788936898,96.3890557814,2268.57139663
503,outputs/tmp_0508_mindif.npy,503.0,0.813530666874,0.666666666667,1.14300830628,11.6843953585,179.231948386
504,outputs/tmp_0509_mindif.npy,504.0,0.870268113783,0.666666666667,1.68021153466,21.8550243626,427.651299079
505,outputs/tmp_0510_mindif.npy,505.0,1.03860281944,0.666666666667,7.55364011122,341.59385725,20383.4523469
506,outputs/tmp_0511_mindif.npy,506.0,1.15794816836,0.666666666667,4.54150973783,106.007404632,3191.95716787
507,outputs/tmp_0512_mindif.npy,507.0,0.75918972038,0.666666666667,2.48767137761,74.0473530806,2996.64365308
508,outputs/tmp_0513_mindif.npy,508.0,0.771606224054,0.666666666667,1.37280313426,17.0036596475,293.111921926
509,outputs/tmp_0514_mindif.npy,509.0,0.930538798375,0.666666666667,3.86376879906,77.4864047275,1992.35605261
510,outputs/tmp_0515_mindif.npy,510.0,0.878995542894,0.666666666667,2.404620034,54.3927630356,1714.19206491
511,outputs/tmp_0516_mindif.npy,511.0,0.942693746788,0.666666666667,1.32981174506,8.67656843377,100.02981635
512,outputs/tmp_0517_mindif.npy,512.0,0.807723266865,0.666666666667,5.23099828889,230.247431878,11918.7347001
513,outputs/tmp_0518_mindif.npy,513.0,0.984323952521,0.666666666667,5.04098201812,104.134208344,2744.13509226
514,outputs/tmp_0519_mindif.npy,514.0,0.799031656423,0.666666666667,2.74283708835,63.8031434935,1888.12628199
515,outputs/tmp_0520_mindif.npy,515.0,0.659947550575,0.666666666667,0.265027580718,0.693246263788,5.98150855122
516,outputs/tmp_0521_mindif.npy,516.0,0.725608804171,0.666666666667,1.61280652529,69.1507964012,4120.53185382
517,outputs/tmp_0522_mindif.npy,517.0,0.696528383231,0.666666666667,0.483872398116,2.48774177174,27.4821021366
518,outputs/tmp_0523_mindif.npy,518.0,0.650172129979,0.666666666667,0.210760899471,0.29332532844,1.3652566187
519,outputs/tmp_0524_mindif.npy,519.0,0.74617221695,0.666666666667,0.409957301275,0.998478231092,5.42496280511
520,outputs/tmp_0525_mindif.npy,520.0,0.655118916892,0.666666666667,0.213237977811,0.289637262019,1.27062500397
521,outputs/tmp_0526_mindif.npy,521.0,0.68587156077,0.666666666667,0.262568359993,0.594392875386,7.88623416283
522,outputs/tmp_0527_mindif.npy,522.0,2.02556703947,1.0,10.3135910388,141.403958744,3283.38430255
523,outputs/tmp_0528_mindif.npy,523.0,0.727294741431,0.666666666667,0.325944007544,0.582811804305,2.39419146263
524,outputs/tmp_0529_mindif.npy,524.0,0.675033050037,0.666666666667,0.237029454327,0.320474059992,1.0575585971
525,outputs/tmp_0530_mindif.npy,525.0,0.686011847166,0.666666666667,0.390547175995,1.9970451131,24.4665890438
526,outputs/tmp_0531_mindif.npy,526.0,0.832263975149,0.666666666667,1.91808688803,37.1255880267,1106.9734031
527,outputs/tmp_0532_mindif.npy,527.0,0.927802623143,0.666666666667,3.8646945804,76.2303152411,1906.85855349
528,outputs/tmp_0533_mindif.npy,528.0,0.783736897445,0.666666666667,1.5196150171,28.3197762812,772.967535053
529,outputs/tmp_0534_mindif.npy,529.0,0.852064756782,0.666666666667,7.0646260964,366.228112001,23268.7809944
530,outputs/tmp_0535_mindif.npy,530.0,0.954146471347,0.666666666667,2.39919484912,53.70404708,2147.95471407
531,outputs/tmp_0536_mindif.npy,531.0,1.3548911597,0.666666666667,23.4517687293,1021.85593775,49682.4603963
532,outputs/tmp_0537_mindif.npy,532.0,0.851690631373,0.666666666667,2.93622565818,52.0886987233,1351.82283684
533,outputs/tmp_0538_mindif.npy,533.0,1.32173678237,0.666666666667,37.8650305369,2847.39347006,239816.42339
534,outputs/tmp_0539_mindif.npy,534.0,0.885146111801,0.666666666667,4.06112493577,120.700029365,5383.26393271
535,outputs/tmp_0540_mindif.npy,535.0,0.774093968521,0.666666666667,1.14215507491,14.9396535549,313.552279291
536,outputs/tmp_0541_mindif.npy,536.0,0.806242340876,0.666666666667,2.21129256234,37.6944352664,847.218280601
537,outputs/tmp_0542_mindif.npy,537.0,0.929261122888,0.666666666667,10.5702709442,617.388175057,40203.4004835
538,outputs/tmp_0543_mindif.npy,538.0,0.725485535077,0.666666666667,1.06622825852,20.621652267,746.476004233
539,outputs/tmp_0544_mindif.npy,539.0,0.681788764213,0.666666666667,0.309745510639,1.311697315,20.6620564125
540,outputs/tmp_0545_mindif.npy,540.0,0.766586035317,0.666666666667,1.12325294107,13.1411837617,235.431427617
541,outputs/tmp_0546_mindif.npy,541.0,0.706378458072,0.666666666667,0.417448700073,1.98207123981,21.7905602114
542,outputs/tmp_0547_mindif.npy,542.0,0.744571180145,0.666666666667,0.674247315367,4.22422674042,44.3194976988
543,outputs/tmp_0548_mindif.npy,543.0,0.674720936595,0.666666666667,0.247921325107,0.391080700353,1.56299018876
544,outputs/tmp_0549_mindif.npy,544.0,0.754082927033,0.666666666667,0.368565873114,0.759608657959,3.87382207582
545,outputs/tmp_0550_mindif.npy,545.0,0.695873122455,0.666666666667,0.273262839591,0.430761957763,1.78142523073
546,outputs/tmp_0551_mindif.npy,546.0,0.77103626113,0.666666666667,0.586684168247,2.61717453443,21.6964889642
547,outputs/tmp_0552_mindif.npy,547.0,0.693439145206,0.666666666667,0.299728436384,0.579485299528,2.4653519308
548,outputs/tmp_0553_mindif.npy,548.0,0.621987774562,0.333333333333,0.174354453403,0.21531688619,1.24826391203
549,outputs/tmp_0554_mindif.npy,549.0,0.738685248523,0.666666666667,0.40409897476,1.00268481923,5.35159386057
550,outputs/tmp_0555_mindif.npy,550.0,0.640565335129,0.333333333333,0.241726147451,0.694276385296,5.87604909618
551,outputs/tmp_0556_mindif.npy,551.0,0.673138535669,0.666666666667,0.261409538951,0.436328191522,1.78984480252
552,outputs/tmp_0557_mindif.npy,552.0,0.654121428473,0.666666666667,0.237497998128,0.449113154387,3.03130237797
553,outputs/tmp_0558_mindif.npy,553.0,0.695931731154,0.666666666667,0.287620865863,0.493340530253,2.18055570359
554,outputs/tmp_0559_mindif.npy,554.0,0.640742985863,0.333333333333,0.206698399866,0.324155057006,1.80362268951
555,outputs/tmp_0560_mindif.npy,555.0,0.708997851485,0.666666666667,0.337977943018,0.748337540477,3.6237086397
556,outputs/tmp_0561_mindif.npy,556.0,0.693757244973,0.666666666667,0.300224160701,0.592853146469,2.8832578584
557,outputs/tmp_0562_mindif.npy,557.0,0.646435085257,0.333333333333,0.211084710207,0.28838554074,1.12594606239
558,outputs/tmp_0563_mindif.npy,558.0,0.683128128315,0.666666666667,0.264958078086,0.404350183516,1.39972805389
559,outputs/tmp_0564_mindif.npy,559.0,0.630265452826,0.333333333333,0.187809035386,0.234367733624,0.946890611421
560,outputs/tmp_0565_mindif.npy,560.0,0.646335975582,0.333333333333,0.210395979639,0.280255904778,1.00217860488
561,outputs/tmp_0566_mindif.npy,561.0,0.662336157308,0.666666666667,0.23578479723,0.340404434494,1.20147163847
562,outputs/tmp_0567_mindif.npy,562.0,0.632742487119,0.333333333333,0.191743576875,0.22862253673,0.751525779335
563,outputs/tmp_0568_mindif.npy,563.0,0.684149756132,0.666666666667,0.300743253498,1.28759836823,32.3210676568
564,outputs/tmp_0569_mindif.npy,564.0,0.637097445246,0.333333333333,0.569081185503,32.7389738961,3113.68630035
565,outputs/tmp_0570_mindif.npy,565.0,0.670430452343,0.666666666667,0.251172535886,0.522989007252,4.22140780544
566,outputs/tmp_0571_mindif.npy,566.0,0.640974022213,0.666666666667,0.201939473325,0.370693971278,3.15688550352
567,outputs/tmp_0572_mindif.npy,567.0,0.685492345433,0.666666666667,0.259862962606,0.48493203157,3.42216266962
568,outputs/tmp_0573_mindif.npy,568.0,0.676225966169,0.666666666667,0.24640298333,0.500256886806,4.6183812181
569,outputs/tmp_0574_mindif.npy,569.0,0.855143887533,0.666666666667,1.14611222706,23.4259802216,1023.32847316
570,outputs/tmp_0575_mindif.npy,570.0,1.31598213807,0.666666666667,2.64549151973,19.7164278168,307.623373512
571,outputs/tmp_0576_mindif.npy,571.0,1.00415181719,0.666666666667,1.89140943487,29.8834043619,963.530175922
572,outputs/tmp_0577_mindif.npy,572.0,1.04183652031,0.666666666667,8.04574773241,276.633144982,11975.0731306
573,outputs/tmp_0578_mindif.npy,573.0,0.72995124361,0.666666666667,1.16770352278,16.9399932647,354.120049062
574,outputs/tmp_0579_mindif.npy,574.0,0.666084321272,0.666666666667,0.243499883221,0.643815621995,6.54496679934
575,outputs/tmp_0580_mindif.npy,575.0,0.732399463759,0.666666666667,0.336743368594,0.63300406267,2.73974752127
576,outputs/tmp_0581_mindif.npy,576.0,0.692010547955,0.666666666667,0.27025932771,0.449635857031,1.98181687624
577,outputs/tmp_0582_mindif.npy,577.0,0.744993011615,0.666666666667,0.60375889129,3.67604641869,75.4909797792
578,outputs/tmp_0583_mindif.npy,578.0,0.95423740272,0.666666666667,3.1401128147,78.7910668982,5450.84051101
579,outputs/tmp_0584_mindif.npy,579.0,0.894672161699,0.666666666667,5.81929071509,259.937812733,15087.7503136
580,outputs/tmp_0585_mindif.npy,580.0,0.962507588179,0.666666666667,3.47144926772,65.9687790141,1689.5220835
581,outputs/tmp_0586_mindif.npy,581.0,0.71438634054,0.666666666667,0.672997671884,5.51941825204,77.2898512539
582,outputs/tmp_0587_mindif.npy,582.0,0.684805185088,0.666666666667,0.370173116453,1.7198779991,19.6191830242
583,outputs/tmp_0588_mindif.npy,583.0,0.691206144092,0.666666666667,0.534779332002,4.17041155092,56.8611572544
584,outputs/tmp_0589_mindif.npy,584.0,0.702064382766,0.666666666667,0.395338964635,1.786556159,18.1467187594
585,outputs/tmp_0590_mindif.npy,585.0,0.659764561766,0.666666666667,0.234354580246,0.527781502879,4.92626798792
586,outputs/tmp_0591_mindif.npy,586.0,0.904427225498,0.666666666667,1.2568808695,8.95082254329,116.540610004
587,outputs/tmp_0592_mindif.npy,587.0,0.781786677413,0.666666666667,0.522413935168,1.76674865091,13.294384662
588,outputs/tmp_0593_mindif.npy,588.0,0.69204546765,0.666666666667,0.324664550222,1.18093730963,11.4935387614
589,outputs/tmp_0594_mindif.npy,589.0,1.12918904948,0.666666666667,1.76069314446,10.2728030865,118.461601331
590,outputs/tmp_0595_mindif.npy,590.0,0.733389697447,0.666666666667,0.46901547163,2.42504701884,27.6694960066
591,outputs/tmp_0596_mindif.npy,591.0,0.780705847596,0.666666666667,0.656864348552,20.6990073538,1690.38527981
592,outputs/tmp_0597_mindif.npy,592.0,0.77651023683,0.666666666667,0.399044245555,1.20078833573,8.86579986457
593,outputs/tmp_0598_mindif.npy,593.0,1.2699570155,0.666666666667,2.07492494498,13.3086421291,215.920370157
594,outputs/tmp_0599_mindif.npy,594.0,1.21151278736,0.666666666667,1.60717684766,7.54114841503,69.9950751743
595,outputs/tmp_0600_mindif.npy,595.0,0.814208256547,0.666666666667,0.464796355932,1.74749745263,35.9301197047
596,outputs/tmp_0601_mindif.npy,596.0,0.792010006326,0.666666666667,0.453618812265,1.16599964304,6.3062181928
597,outputs/tmp_0602_mindif.npy,597.0,0.757466062967,0.666666666667,0.450123375869,1.48026702834,9.63442523439
598,outputs/tmp_0603_mindif.npy,598.0,1.1412450843,0.666666666667,5.08034386414,78.0305650854,1494.44243398
599,outputs/tmp_0604_mindif.npy,599.0,1.02191001033,0.666666666667,1.60740938276,12.8320281378,181.467712894
600,outputs/tmp_0605_mindif.npy,600.0,1.08909216968,0.666666666667,2.7658885246,44.6487271067,1173.97190015
601,outputs/tmp_0606_mindif.npy,601.0,1.65639578538,0.666666666667,11.3726391844,250.843627187,8379.08402984
602,outputs/tmp_0607_mindif.npy,602.0,1.58893458438,1.0,6.11208011796,92.0866349693,2187.65602617
603,outputs/tmp_0608_mindif.npy,603.0,1.59848623676,1.0,4.69588761569,76.6789810611,2438.36136421
604,outputs/tmp_0609_mindif.npy,604.0,1.82274001132,1.33333333333,4.55427239871,52.7037531649,1254.49377381
605,outputs/tmp_0610_mindif.npy,605.0,1.63069902582,1.0,4.63261384646,52.1312682316,899.872934122
606,outputs/tmp_0611_mindif.npy,606.0,1.9259076571,1.0,10.9903058308,227.083767764,6771.44301709
607,outputs/tmp_0612_mindif.npy,607.0,2.53272057357,1.33333333333,13.8374373908,204.898033113,5168.84423638
608,outputs/tmp_0613_mindif.npy,608.0,2.26824955271,1.33333333333,8.60210116796,107.529609868,2283.39301172
609,outputs/tmp_0614_mindif.npy,609.0,2.02881740228,1.0,15.1064010043,503.934403824,25499.0065279
610,outputs/tmp_0615_mindif.npy,610.0,1.8433439323,1.33333333333,4.61872111405,39.000359588,591.28837624
611,outputs/tmp_0616_mindif.npy,611.0,1.78949207047,1.33333333333,4.64923132122,47.8141149308,846.926222323
612,outputs/tmp_0617_mindif.npy,612.0,1.62194536646,1.0,2.92564665799,20.6697804245,281.60130583
613,outputs/tmp_0618_mindif.npy,613.0,1.91913615325,1.33333333333,3.71473709363,19.5243937945,208.446853332
614,outputs/tmp_0619_mindif.npy,614.0,1.68260170333,1.33333333333,2.93211371257,16.6993619643,173.169957365
615,outputs/tmp_0620_mindif.npy,615.0,2.52206700422,2.0,5.39589986987,35.2606793288,512.106433986
616,outputs/tmp_0621_mindif.npy,616.0,2.36668624911,1.66666666667,7.08917395594,79.7045430482,1726.25302247
617,outputs/tmp_0622_mindif.npy,617.0,2.10543011996,1.33333333333,7.46847618295,76.447410022,1211.13488829
618,outputs/tmp_0623_mindif.npy,618.0,2.25760815041,1.33333333333,6.70757249426,71.1839982315,2138.83599937
619,outputs/tmp_0624_mindif.npy,619.0,2.2751840189,1.33333333333,6.33593856614,45.4464260369,563.800606381
620,outputs/tmp_0625_mindif.npy,620.0,1.71719965968,1.33333333333,2.94324956564,16.4136755463,167.036114512
621,outputs/tmp_0626_mindif.npy,621.0,2.2233502915,1.66666666667,6.6235930667,66.6241300577,1016.30260017
622,outputs/tmp_0627_mindif.npy,622.0,2.42579806536,1.33333333333,13.437261496,226.557993747,5422.82454506
623,outputs/tmp_0628_mindif.npy,623.0,2.00471782924,1.33333333333,4.96865333869,32.5525546993,380.377035613
624,outputs/tmp_0629_mindif.npy,624.0,1.87930006246,1.33333333333,5.35085256311,53.2683068375,930.135794272
625,outputs/tmp_0630_mindif.npy,625.0,1.90149933047,1.0,6.17098914663,62.0085629716,947.133221331
626,outputs/tmp_0631_mindif.npy,626.0,1.79581287192,1.33333333333,3.56638878474,21.9246400243,278.10309788
627,outputs/tmp_0632_mindif.npy,627.0,1.75115928317,1.0,3.65404595555,24.3941407087,288.499505118
628,outputs/tmp_0633_mindif.npy,628.0,1.78346974697,1.33333333333,3.34820966949,26.4429553953,409.467104333
629,outputs/tmp_0634_mindif.npy,629.0,1.96616447647,1.33333333333,5.31724735741,48.1040922359,703.69273008
630,outputs/tmp_0635_mindif.npy,630.0,1.88043499487,1.0,6.74768834479,104.766791449,2697.09895646
631,outputs/tmp_0636_mindif.npy,631.0,1.93632106423,1.33333333333,5.3813563533,47.1286886069,679.814226662
632,outputs/tmp_0637_mindif.npy,632.0,2.09024339357,1.33333333333,7.21943402128,68.4083862689,1107.84252035
633,outputs/tmp_0638_mindif.npy,633.0,1.67903192804,1.0,3.62780262519,21.1374592277,200.823057754
634,outputs/tmp_0639_mindif.npy,634.0,1.56772983667,1.0,3.39828483562,23.9550877979,292.903470269
635,outputs/tmp_0640_mindif.npy,635.0,1.45708824753,1.0,2.6374828918,20.67855492,336.649723986
636,outputs/tmp_0641_mindif.npy,636.0,1.57228462342,1.0,3.37822493547,24.7942976278,315.560773691
637,outputs/tmp_0642_mindif.npy,637.0,1.6443816821,1.0,3.98911566386,27.5277496829,307.050743431
638,outputs/tmp_0643_mindif.npy,638.0,1.73346340021,1.0,6.61921477479,88.6353463581,1726.85445056
639,outputs/tmp_0644_mindif.npy,639.0,1.42741197408,1.0,2.78969481414,26.7649299261,485.023519694
640,outputs/tmp_0645_mindif.npy,640.0,1.22203968377,1.0,1.43301187468,6.46703218798,58.7244400973
641,outputs/tmp_0646_mindif.npy,641.0,1.27030327649,1.0,2.48599129564,20.7776075693,282.859081707
642,outputs/tmp_0647_mindif.npy,642.0,1.19212305726,0.666666666667,1.62738866087,8.43435269884,77.4348253929
643,outputs/tmp_0648_mindif.npy,643.0,1.17536431472,1.0,1.23431525784,4.74287475912,40.3068999367
644,outputs/tmp_0649_mindif.npy,644.0,1.17080489148,0.666666666667,1.39422641279,5.5331819517,39.3152068614
645,outputs/tmp_0650_mindif.npy,645.0,1.18039017298,0.666666666667,1.40767035423,5.95579186731,55.3760637442
646,outputs/tmp_0651_mindif.npy,646.0,1.11364940242,0.666666666667,1.02526491339,3.29476081647,20.3603199839
647,outputs/tmp_0652_mindif.npy,647.0,1.41051822605,1.0,3.01493338584,26.8954449801,396.54533922
648,outputs/tmp_0653_mindif.npy,648.0,1.15831774381,0.666666666667,2.27594802014,30.329082848,671.173847069
649,outputs/tmp_0654_mindif.npy,649.0,1.13123910387,0.666666666667,1.65084349903,10.6300835504,119.567240559
650,outputs/tmp_0655_mindif.npy,650.0,1.28527643482,0.666666666667,2.65272307348,21.1540477327,277.382318369
651,outputs/tmp_0656_mindif.npy,651.0,1.40615832346,1.0,3.96113991131,56.6107984746,1294.59860346
652,outputs/tmp_0657_mindif.npy,652.0,1.40375218708,1.0,3.58156877067,48.3153284926,1067.92156128
653,outputs/tmp_0658_mindif.npy,653.0,1.04751923039,0.666666666667,1.50482657765,10.7834257164,139.567092494
654,outputs/tmp_0659_mindif.npy,654.0,1.06029579628,0.666666666667,1.66226762857,14.2400013804,243.644619506
655,outputs/tmp_0660_mindif.npy,655.0,1.23883974955,0.666666666667,3.67386211896,67.6035660129,2136.19085515
656,outputs/tmp_0661_mindif.npy,656.0,1.26343674771,0.666666666667,3.13195843644,30.9522964939,449.240205652
657,outputs/tmp_0662_mindif.npy,657.0,1.22737412491,0.666666666667,3.26923041325,45.4697583552,1046.74300286
658,outputs/tmp_0663_mindif.npy,658.0,1.27510678944,0.666666666667,2.55783073712,17.1234859828,184.89630222
659,outputs/tmp_0664_mindif.npy,659.0,1.17768124767,0.666666666667,3.22759335764,56.7707818831,1650.97222101
660,outputs/tmp_0665_mindif.npy,660.0,1.11703234705,0.666666666667,2.63090000926,31.1852114634,555.459973408
661,outputs/tmp_0666_mindif.npy,661.0,2.13891606473,0.666666666667,55.3848927433,3269.96991836,224538.084964
662,outputs/tmp_0667_mindif.npy,662.0,1.41619210895,0.666666666667,10.583769828,352.91710411,16552.8093095
663,outputs/tmp_0668_mindif.npy,663.0,1.20347532318,0.666666666667,4.41769132597,74.2070925555,1764.43926103
664,outputs/tmp_0669_mindif.npy,664.0,1.3448637721,1.0,3.30402030026,51.1993289307,1387.16560395
665,outputs/tmp_0670_mindif.npy,665.0,1.3284748423,0.666666666667,10.4860110313,298.666174365,10755.5567788
666,outputs/tmp_0671_mindif.npy,666.0,1.08487523399,0.666666666667,5.18548213464,133.238046055,5194.86889301
667,outputs/tmp_0672_mindif.npy,667.0,1.13136717546,0.666666666667,3.75815977005,59.3454465685,1467.98184684
668,outputs/tmp_0673_mindif.npy,668.0,1.22037773286,0.666666666667,9.06758757594,271.656609538,11417.2986275
669,outputs/tmp_0674_mindif.npy,669.0,1.09216610159,0.666666666667,4.01810828099,63.4085518841,1532.27193767
670,outputs/tmp_0675_mindif.npy,670.0,1.49659245967,0.666666666667,7.14403479412,113.635124126,2673.96389232
671,outputs/tmp_0676_mindif.npy,671.0,0.853143391151,0.666666666667,2.0093097077,34.0209952438,837.780903397
672,outputs/tmp_0677_mindif.npy,672.0,0.890791668422,0.666666666667,2.97082140527,65.2278521091,2029.73986854
673,outputs/tmp_0678_mindif.npy,673.0,1.05775177809,0.666666666667,5.50924876844,133.15142136,4172.35342091
674,outputs/tmp_0679_mindif.npy,674.0,0.843036478584,0.666666666667,1.88274168758,52.7261896531,2516.28336399
675,outputs/tmp_0680_mindif.npy,675.0,0.681193427579,0.666666666667,0.24252089345,0.418112683066,2.69958991072
676,outputs/tmp_0681_mindif.npy,676.0,0.849676736964,0.666666666667,0.800638531237,3.46145249999,28.3977988624
677,outputs/tmp_0682_mindif.npy,677.0,0.66723123237,0.666666666667,0.272701910729,1.72516362979,50.9894458399
678,outputs/tmp_0683_mindif.npy,678.0,0.660896197497,0.666666666667,0.223616153099,0.319917648074,1.11112422252
679,outputs/tmp_0684_mindif.npy,679.0,0.705085055414,0.666666666667,0.342721758991,1.0737429782,10.1551366618
680,outputs/tmp_0685_mindif.npy,680.0,1.40496734142,0.666666666667,5.10539062837,79.9341578844,2459.54888507
681,outputs/tmp_0686_mindif.npy,681.0,0.724575192974,0.666666666667,0.322110093,0.610583836463,2.9212277551
682,outputs/tmp_0687_mindif.npy,682.0,0.717131956842,0.666666666667,0.330119881216,0.772838635741,5.74600438336
683,outputs/tmp_0688_mindif.npy,683.0,0.761707686675,0.666666666667,0.449200106933,1.6518239434,19.6539898753
684,outputs/tmp_0689_mindif.npy,684.0,0.676341457675,0.666666666667,0.249271941478,0.454376860632,2.44263733415
685,outputs/tmp_0690_mindif.npy,685.0,0.697029638022,0.666666666667,0.48066159209,3.83052862642,59.3541737525
686,outputs/tmp_0691_mindif.npy,686.0,0.722655579589,0.666666666667,0.288954245477,0.607892843556,5.93325635915
687,outputs/tmp_0692_mindif.npy,687.0,0.800701453125,0.666666666667,0.504546739261,2.27703927635,26.4018982172
688,outputs/tmp_0693_mindif.npy,688.0,1.25791435292,0.666666666667,2.93287870463,25.6222912385,393.099067229
689,outputs/tmp_0694_mindif.npy,689.0,0.76718629015,0.666666666667,0.972141181956,14.1784802155,330.754287629
690,outputs/tmp_0695_mindif.npy,690.0,1.06662248766,0.666666666667,1.60450007593,9.24435100869,94.2628009396
691,outputs/tmp_0696_mindif.npy,691.0,0.750172888641,0.666666666667,0.469066178084,1.62012359315,11.7766454638
692,outputs/tmp_0697_mindif.npy,692.0,0.793861668125,0.666666666667,1.04334725262,9.83890463022,136.21747022
693,outputs/tmp_0698_mindif.npy,693.0,0.967759964303,0.666666666667,2.54078067446,31.8196211485,559.71951691
694,outputs/tmp_0699_mindif.npy,694.0,0.887935987201,0.666666666667,1.35431682545,12.3163209006,196.884393639
695,outputs/tmp_0700_mindif.npy,695.0,0.881053909572,0.666666666667,1.06967751616,6.67454995528,72.8706430744
696,outputs/tmp_0701_mindif.npy,696.0,0.856861717208,0.666666666667,1.37480678941,12.3696641179,172.965291566
697,outputs/tmp_0702_mindif.npy,697.0,0.874692438531,0.666666666667,1.16333406813,8.15830301503,96.90090983
698,outputs/tmp_0703_mindif.npy,698.0,1.09380511309,0.666666666667,11.7329092273,545.122077675,30419.5349521
699,outputs/tmp_0704_mindif.npy,699.0,0.89932407175,0.666666666667,1.50727349888,18.8910506599,434.916804609
700,outputs/tmp_0705_mindif.npy,700.0,1.34398611874,0.666666666667,11.4271071274,432.910709771,22355.6210891
701,outputs/tmp_0706_mindif.npy,701.0,0.931705454297,0.666666666667,2.2481807651,24.4111837212,366.701887781
702,outputs/tmp_0707_mindif.npy,702.0,0.774926819281,0.666666666667,0.716317307712,4.80762212308,70.5359264227
703,outputs/tmp_0708_mindif.npy,703.0,0.760757193433,0.666666666667,1.40699886117,25.1297966718,697.467769083
704,outputs/tmp_0709_mindif.npy,704.0,0.675152093314,0.666666666667,0.265371619355,0.543421784075,3.24466675889
705,outputs/tmp_0710_mindif.npy,705.0,0.717948240313,0.666666666667,1.86619955059,60.1691410759,2640.10581364
706,outputs/tmp_0711_mindif.npy,706.0,0.775168904376,0.666666666667,2.27137940721,50.9924067601,1459.42932637
707,outputs/tmp_0712_mindif.npy,707.0,0.717786380747,0.666666666667,0.818568885724,7.73212160832,111.028449942
708,outputs/tmp_0713_mindif.npy,708.0,0.786432568007,0.666666666667,1.81370595401,28.5466169191,660.880815666
709,outputs/tmp_0714_mindif.npy,709.0,0.861466944493,0.666666666667,1.6765659032,21.7317951265,428.734599678
710,outputs/tmp_0715_mindif.npy,710.0,1.21190492666,0.666666666667,5.25580115007,89.3363269852,2092.74783405
711,outputs/tmp_0716_mindif.npy,711.0,0.927706934648,0.666666666667,1.82906767467,22.7840184212,470.832862004
712,outputs/tmp_0717_mindif.npy,712.0,0.920835776137,0.666666666667,1.8864673453,18.7372536018,281.56804567
713,outputs/tmp_0718_mindif.npy,713.0,0.996613775909,0.666666666667,3.50924637038,60.0066269817,1581.4675474
714,outputs/tmp_0719_mindif.npy,714.0,1.10661206291,0.666666666667,4.87929179224,79.0896191151,1791.18286781
715,outputs/tmp_0720_mindif.npy,715.0,0.990361276035,0.666666666667,5.79082839249,249.795341367,15905.5670276
716,outputs/tmp_0721_mindif.npy,716.0,0.907799105322,0.666666666667,1.84167769496,25.3763540277,639.473588836
717,outputs/tmp_0722_mindif.npy,717.0,1.00774786791,0.666666666667,4.32362521665,114.43358392,4375.72139132
718,outputs/tmp_0723_mindif.npy,718.0,1.04475194625,0.666666666667,6.0392998921,170.118240467,6402.40448084
719,outputs/tmp_0724_mindif.npy,719.0,0.928735376,0.666666666667,2.60376016704,40.0392847877,888.084158282
720,outputs/tmp_0725_mindif.npy,720.0,1.12152965769,0.666666666667,4.33052597896,60.4592014177,1219.89906118
721,outputs/tmp_0726_mindif.npy,721.0,1.66701848503,1.0,11.1597998268,309.400681179,11347.0430542
722,outputs/tmp_0727_mindif.npy,722.0,1.28322992726,0.666666666667,6.3451235483,132.529890932,4072.49578387
723,outputs/tmp_0728_mindif.npy,723.0,1.15857793363,0.666666666667,6.1370413444,129.18645647,3623.17280714
724,outputs/tmp_0729_mindif.npy,724.0,1.26329382543,0.666666666667,9.43731246649,293.157457632,13054.1235799
725,outputs/tmp_0730_mindif.npy,725.0,1.25562709985,0.666666666667,5.95183358139,107.588948031,2643.60095581
726,outputs/tmp_0731_mindif.npy,726.0,1.4001927327,0.666666666667,13.1596166389,665.057382185,51035.428525
727,outputs/tmp_0732_mindif.npy,727.0,1.59752952591,0.666666666667,8.80547279165,188.023593907,5959.64291003
728,outputs/tmp_0733_mindif.npy,728.0,1.46460474168,0.666666666667,10.4684095181,310.70588776,13756.2728749
729,outputs/tmp_0734_mindif.npy,729.0,1.15716539285,0.666666666667,3.66082020837,51.2558210876,1178.68145157
730,outputs/tmp_0735_mindif.npy,730.0,1.26693790172,0.666666666667,3.28788114677,37.8391316458,773.676681505
731,outputs/tmp_0736_mindif.npy,731.0,1.21167043093,0.666666666667,6.51362274859,126.148513589,3805.68386391
732,outputs/tmp_0737_mindif.npy,732.0,1.113056794,0.666666666667,4.99897667647,86.8382896058,2090.20440341
733,outputs/tmp_0738_mindif.npy,733.0,1.03072736045,0.666666666667,9.54879552877,510.716940471,33349.0420071
734,outputs/tmp_0739_mindif.npy,734.0,1.00714647273,0.666666666667,2.45410937357,31.8735050359,607.092510728
735,outputs/tmp_0740_mindif.npy,735.0,0.889793329138,0.666666666667,2.85205732711,56.1588245051,1458.26659469
736,outputs/tmp_0741_mindif.npy,736.0,0.962046997977,0.666666666667,3.55466212532,64.1110104014,1572.22358376
737,outputs/tmp_0742_mindif.npy,737.0,0.838171546204,0.666666666667,1.8685123923,29.8954913626,794.329893152
738,outputs/tmp_0743_mindif.npy,738.0,1.22325038975,0.666666666667,2.69887807377,22.3253523685,320.387071287
739,outputs/tmp_0744_mindif.npy,739.0,0.763262119489,0.666666666667,0.714829710916,5.49248153894,81.0476965214
740,outputs/tmp_0745_mindif.npy,740.0,1.25181689307,0.666666666667,3.340946774,31.0313036681,469.482186258
741,outputs/tmp_0746_mindif.npy,741.0,0.848032243826,0.666666666667,1.73204809799,20.3556730918,335.891815405
742,outputs/tmp_0747_mindif.npy,742.0,0.83912183332,0.666666666667,1.66075896695,25.4609328575,632.357048971
743,outputs/tmp_0748_mindif.npy,743.0,3.25064946663,1.33333333333,25.0746745782,496.527597504,16871.0408012
744,outputs/tmp_0749_mindif.npy,744.0,0.883085774004,0.666666666667,2.46130730241,41.6029574195,1007.5682452
745,outputs/tmp_0750_mindif.npy,745.0,0.979229186525,0.666666666667,3.39153198632,56.1853594098,1312.86413498
746,outputs/tmp_0751_mindif.npy,746.0,1.08230185174,0.666666666667,4.70715146913,76.1722583518,1603.57931522
747,outputs/tmp_0752_mindif.npy,747.0,1.21411396331,0.666666666667,5.61643280305,103.080603983,2546.96055609
748,outputs/tmp_0753_mindif.npy,748.0,3.73623977685,1.33333333333,49.0815670448,1590.209863,81388.9182994
