#image,n_patches,2nd_largest_patch,patch_50+_pix,n_features,mean_patch_size,largest_patch
outputs/tmp_0005_median.npy,13,2,1,300,1.09090909091,281029
outputs/tmp_0006_median.npy,9,7,1,119,1.85714285714,281390
outputs/tmp_0007_median.npy,31,12,1,1925,1.58620689655,276594
outputs/tmp_0008_median.npy,6,2,1,91,1.25,281474
outputs/tmp_0009_median.npy,11,27,1,220,3.88888888889,281160
outputs/tmp_0010_median.npy,22,3,1,766,1.35,279675
outputs/tmp_0011_median.npy,30,64,2,1539,3.60714285714,277322
outputs/tmp_0012_median.npy,25,13,1,804,1.86956521739,279578
outputs/tmp_0013_median.npy,13,41,1,280,6.63636363636,280979
outputs/tmp_0014_median.npy,15,3,1,635,1.23076923077,280318
outputs/tmp_0015_median.npy,9,20,1,318,3.71428571429,281012
outputs/tmp_0016_median.npy,7,1,1,69,1.0,281479
outputs/tmp_0017_median.npy,5,1,1,60,1.0,281503
outputs/tmp_0018_median.npy,12,4,1,220,1.4,281176
outputs/tmp_0019_median.npy,7,1,1,145,1.0,281368
outputs/tmp_0020_median.npy,6,17,1,50,5.5,281482
outputs/tmp_0021_median.npy,7,5,1,61,1.8,281492
outputs/tmp_0022_median.npy,5,1,1,86,1.0,281470
outputs/tmp_0023_median.npy,11,9,1,292,2.11111111111,281057
outputs/tmp_0024_median.npy,10,10,1,265,2.5,281139
outputs/tmp_0025_median.npy,9,2,1,58,1.14285714286,281488
outputs/tmp_0026_median.npy,7,4,1,54,1.6,281503
outputs/tmp_0027_median.npy,7,9,1,76,2.6,281459
outputs/tmp_0028_median.npy,9,3,1,92,1.57142857143,281413
outputs/tmp_0029_median.npy,11,68,2,173,8.66666666667,281145
outputs/tmp_0030_median.npy,7,5,1,58,3.8,281465
outputs/tmp_0031_median.npy,10,49,1,77,10.5,281279
outputs/tmp_0032_median.npy,14,12,1,250,2.5,281028
outputs/tmp_0033_median.npy,8,8,1,74,2.83333333333,281440
outputs/tmp_0034_median.npy,9,19,1,85,3.71428571429,281413
outputs/tmp_0035_median.npy,8,9,1,66,3.16666666667,281428
outputs/tmp_0036_median.npy,146,767,14,3133,26.8125,223463
outputs/tmp_0037_median.npy,10,9,1,120,2.5,281385
outputs/tmp_0038_median.npy,30,12,1,1153,1.67857142857,278110
outputs/tmp_0039_median.npy,10,3,1,137,1.25,281377
outputs/tmp_0040_median.npy,11,11,1,317,3.44444444444,280962
outputs/tmp_0041_median.npy,10,11,1,294,2.5,281076
outputs/tmp_0042_median.npy,22,7,1,884,1.55,279405
outputs/tmp_0043_median.npy,6,21,1,72,6.25,281452
outputs/tmp_0044_median.npy,48,42,1,2432,2.19565217391,272901
outputs/tmp_0045_median.npy,12,22,1,164,3.2,281235
outputs/tmp_0046_median.npy,8,20,1,71,4.5,281418
outputs/tmp_0047_median.npy,17,2,1,273,1.2,280976
outputs/tmp_0048_median.npy,8,18,1,43,4.16666666667,281474
outputs/tmp_0049_median.npy,6,9,1,66,3.5,281477
outputs/tmp_0050_median.npy,15,10,1,355,2.23076923077,280911
outputs/tmp_0051_median.npy,9,4,1,54,1.57142857143,281481
outputs/tmp_0052_median.npy,9,2,1,131,1.28571428571,281376
outputs/tmp_0053_median.npy,9,27,1,63,5.0,281422
outputs/tmp_0054_median.npy,10,9,1,51,3.125,281435
outputs/tmp_0055_median.npy,9,10,1,83,2.57142857143,281418
outputs/tmp_0056_median.npy,8,4,1,75,1.83333333333,281456
outputs/tmp_0057_median.npy,7,3,1,79,1.6,281465
outputs/tmp_0058_median.npy,9,19,1,73,4.0,281424
outputs/tmp_0059_median.npy,12,17,1,143,2.7,281303
outputs/tmp_0060_median.npy,30,4,1,1111,1.32142857143,278423
outputs/tmp_0061_median.npy,11,10,1,142,2.66666666667,281299
outputs/tmp_0062_median.npy,13,1,1,195,1.0,281210
outputs/tmp_0063_median.npy,11,11,1,89,2.44444444444,281385
outputs/tmp_0064_median.npy,12,8,1,145,2.1,281314
outputs/tmp_0065_median.npy,11,3,1,72,1.55555555556,281425
outputs/tmp_0066_median.npy,8,2,1,97,1.33333333333,281441
outputs/tmp_0067_median.npy,10,13,1,128,3.0,281329
outputs/tmp_0068_median.npy,21,6,1,828,1.52631578947,279550
outputs/tmp_0069_median.npy,6,4,1,75,1.75,281492
outputs/tmp_0070_median.npy,8,3,1,122,1.33333333333,281408
outputs/tmp_0071_median.npy,12,9,1,442,1.9,280745
outputs/tmp_0072_median.npy,9,6,1,93,2.0,281418
outputs/tmp_0073_median.npy,6,11,1,61,3.5,281482
outputs/tmp_0074_median.npy,10,1,1,210,1.0,281238
outputs/tmp_0075_median.npy,15,7,1,294,1.84615384615,280982
outputs/tmp_0076_median.npy,17,2,1,416,1.26666666667,280647
outputs/tmp_0077_median.npy,8,3,1,42,1.66666666667,281513
outputs/tmp_0078_median.npy,10,6,1,62,2.5,281430
outputs/tmp_0079_median.npy,11,10,1,82,4.22222222222,281329
outputs/tmp_0080_median.npy,57,16,1,2479,1.61818181818,271556
outputs/tmp_0081_median.npy,18,3,1,348,1.125,280789
outputs/tmp_0082_median.npy,62,45,1,2858,3.16666666667,268968
outputs/tmp_0083_median.npy,24,26,1,523,3.13636363636,280066
outputs/tmp_0084_median.npy,10,57,2,52,10.875,281295
outputs/tmp_0085_median.npy,13,58,2,238,6.54545454545,280986
outputs/tmp_0086_median.npy,9,40,1,84,7.14285714286,281337
outputs/tmp_0087_median.npy,11,22,1,100,5.11111111111,281293
outputs/tmp_0088_median.npy,9,19,1,60,5.0,281411
outputs/tmp_0089_median.npy,8,3,1,116,2.0,281394
outputs/tmp_0090_median.npy,7,1,1,102,1.0,281441
outputs/tmp_0091_median.npy,24,5,1,816,1.45454545455,279435
outputs/tmp_0092_median.npy,7,9,1,109,2.8,281392
outputs/tmp_0093_median.npy,10,11,1,98,3.375,281376
outputs/tmp_0094_median.npy,74,295,4,2801,10.3472222222,265842
outputs/tmp_0095_median.npy,126,941,11,3859,22.7983870968,228414
outputs/tmp_0096_median.npy,11,15,1,87,2.88888888889,281378
outputs/tmp_0097_median.npy,29,19,1,1213,1.96296296296,278055
outputs/tmp_0098_median.npy,13,27,1,193,4.27272727273,281141
outputs/tmp_0099_median.npy,12,12,1,168,4.8,281162
outputs/tmp_0100_median.npy,8,13,1,138,4.66666666667,281336
outputs/tmp_0101_median.npy,9,2,1,94,1.14285714286,281441
outputs/tmp_0102_median.npy,11,4,1,185,1.33333333333,281250
outputs/tmp_0103_median.npy,14,7,1,379,2.0,280893
outputs/tmp_0104_median.npy,10,8,1,147,2.75,281303
outputs/tmp_0105_median.npy,16,3,1,377,1.28571428571,280801
outputs/tmp_0106_median.npy,10,3,1,182,1.375,281251
outputs/tmp_0107_median.npy,13,8,1,168,1.63636363636,281234
outputs/tmp_0108_median.npy,10,5,1,198,1.625,281249
outputs/tmp_0109_median.npy,10,7,1,81,1.875,281404
outputs/tmp_0110_median.npy,9,21,1,146,3.85714285714,281321
outputs/tmp_0111_median.npy,13,3,1,328,1.45454545455,280997
outputs/tmp_0112_median.npy,13,11,1,228,2.18181818182,281146
outputs/tmp_0113_median.npy,22,6,1,734,1.3,279815
outputs/tmp_0114_median.npy,13,5,1,329,1.63636363636,280967
outputs/tmp_0115_median.npy,14,32,1,448,4.0,280658
outputs/tmp_0116_median.npy,15,34,1,514,4.15384615385,280638
outputs/tmp_0117_median.npy,18,55,2,1254,5.125,279269
outputs/tmp_0118_median.npy,18,8,1,1262,1.9375,279443
outputs/tmp_0119_median.npy,11,3,1,499,1.22222222222,280731
outputs/tmp_0120_median.npy,12,1,1,292,1.0,281031
outputs/tmp_0121_median.npy,9,11,1,204,2.42857142857,281234
outputs/tmp_0122_median.npy,9,5,1,91,1.85714285714,281418
outputs/tmp_0123_median.npy,7,4,1,55,1.6,281493
outputs/tmp_0124_median.npy,14,4,1,368,1.58333333333,280878
outputs/tmp_0125_median.npy,11,4,1,235,1.55555555556,281150
outputs/tmp_0126_median.npy,6,1,1,56,1.0,281504
outputs/tmp_0127_median.npy,11,6,1,194,1.88888888889,281236
outputs/tmp_0128_median.npy,7,3,1,71,1.6,281474
outputs/tmp_0129_median.npy,12,7,1,162,2.0,281295
outputs/tmp_0130_median.npy,12,3,1,270,1.3,281131
outputs/tmp_0131_median.npy,8,4,1,71,2.0,281451
outputs/tmp_0132_median.npy,9,1,1,252,1.0,281193
outputs/tmp_0133_median.npy,12,2,1,267,1.1,281105
outputs/tmp_0134_median.npy,11,3,1,229,1.33333333333,281205
outputs/tmp_0135_median.npy,11,7,1,121,1.77777777778,281347
outputs/tmp_0136_median.npy,21,6,1,649,1.47368421053,280197
outputs/tmp_0137_median.npy,14,7,1,472,1.75,280640
outputs/tmp_0138_median.npy,15,4,1,375,1.30769230769,280846
outputs/tmp_0139_median.npy,9,12,1,115,3.0,281371
outputs/tmp_0140_median.npy,10,1,1,119,1.0,281386
outputs/tmp_0141_median.npy,17,2,1,317,1.2,280944
outputs/tmp_0142_median.npy,38,171,2,1623,6.36111111111,275935
outputs/tmp_0143_median.npy,15,56,2,119,8.84615384615,281036
outputs/tmp_0144_median.npy,19,49,1,391,4.35294117647,280639
outputs/tmp_0145_median.npy,12,319,2,97,35.2,280662
outputs/tmp_0146_median.npy,16,322,2,134,24.3571428571,280599
outputs/tmp_0147_median.npy,19,142,2,240,10.2352941176,280531
outputs/tmp_0148_median.npy,24,28,1,561,4.18181818182,279962
outputs/tmp_0149_median.npy,18,196,3,360,18.5625,280173
outputs/tmp_0150_median.npy,13,197,3,231,26.0,280395
outputs/tmp_0151_median.npy,12,143,2,142,16.0,280989
outputs/tmp_0152_median.npy,17,23,1,147,3.4,281081
outputs/tmp_0153_median.npy,56,10,1,3035,1.7037037037,270527
outputs/tmp_0154_median.npy,13,3,1,156,1.45454545455,281266
outputs/tmp_0155_median.npy,13,6,1,234,1.45454545455,281162
outputs/tmp_0156_median.npy,18,13,1,548,2.3125,280360
outputs/tmp_0157_median.npy,8,8,1,116,3.0,281404
outputs/tmp_0158_median.npy,14,2,1,495,1.08333333333,280633
outputs/tmp_0159_median.npy,39,5,1,1364,1.43243243243,277064
outputs/tmp_0160_median.npy,34,8,1,2007,1.5,275883
outputs/tmp_0161_median.npy,14,2,1,502,1.16666666667,280650
outputs/tmp_0162_median.npy,12,3,1,441,1.2,280800
outputs/tmp_0163_median.npy,114,44926,10,2736,486.696428571,129558
outputs/tmp_0164_median.npy,82,44,1,3054,2.9125,264012
outputs/tmp_0165_median.npy,15,7,1,677,1.76923076923,280358
outputs/tmp_0166_median.npy,148,276,12,3783,15.6438356164,225513
outputs/tmp_0167_median.npy,12,2,1,452,1.1,280802
outputs/tmp_0168_median.npy,29,7,1,1349,1.77777777778,277870
outputs/tmp_0169_median.npy,93,28,1,3283,2.87912087912,261621
outputs/tmp_0170_median.npy,23,28,1,1112,2.42857142857,278948
outputs/tmp_0171_median.npy,11,16,1,252,2.77777777778,281156
outputs/tmp_0172_median.npy,23,10,1,642,2.09523809524,279984
outputs/tmp_0173_median.npy,16,158,2,424,13.0714285714,280420
outputs/tmp_0174_median.npy,25,272,2,931,13.4782608696,278667
outputs/tmp_0175_median.npy,23,392,2,1026,20.7142857143,278117
outputs/tmp_0176_median.npy,10,473,2,111,60.75,280429
outputs/tmp_0177_median.npy,137,8932,12,3713,143.955555556,186172
outputs/tmp_0178_median.npy,11,369,2,138,45.0,280521
outputs/tmp_0179_median.npy,12,287,2,176,30.1,280667
outputs/tmp_0180_median.npy,10,274,2,138,35.875,280795
outputs/tmp_0181_median.npy,17,204,2,384,14.8,280367
outputs/tmp_0182_median.npy,11,171,2,164,23.0,280863
outputs/tmp_0183_median.npy,12,114,2,108,17.4,280998
outputs/tmp_0184_median.npy,13,30,1,146,5.54545454545,281140
outputs/tmp_0185_median.npy,11,66,2,56,10.8888888889,281248
outputs/tmp_0186_median.npy,14,81,2,145,8.0,281128
outputs/tmp_0187_median.npy,10,66,2,77,9.875,281293
outputs/tmp_0188_median.npy,11,52,2,98,7.11111111111,281293
outputs/tmp_0189_median.npy,11,9,1,66,2.77777777778,281422
outputs/tmp_0190_median.npy,7,7,1,96,2.4,281438
outputs/tmp_0191_median.npy,14,7,1,312,1.66666666667,280999
outputs/tmp_0192_median.npy,15,59,2,223,6.46153846154,281002
outputs/tmp_0193_median.npy,11,99,2,182,14.1111111111,281023
outputs/tmp_0194_median.npy,7,198,2,86,41.2,281053
outputs/tmp_0195_median.npy,24,215,2,1095,10.8181818182,278297
outputs/tmp_0196_median.npy,12,146,3,160,25.2,280688
outputs/tmp_0197_median.npy,12,231,2,185,26.9,280731
outputs/tmp_0198_median.npy,13,204,2,166,24.8181818182,280649
outputs/tmp_0199_median.npy,25,198,2,835,12.0,278845
outputs/tmp_0200_median.npy,10,260,2,145,34.0,280818
outputs/tmp_0201_median.npy,12,188,2,150,20.4,280935
outputs/tmp_0202_median.npy,17,78,2,492,7.46666666667,280393
outputs/tmp_0203_median.npy,15,104,2,181,9.23076923077,281009
outputs/tmp_0204_median.npy,14,73,2,157,11.8333333333,280948
outputs/tmp_0205_median.npy,18,86,3,482,10.1875,280282
outputs/tmp_0206_median.npy,16,109,2,384,13.6428571429,280355
outputs/tmp_0207_median.npy,13,156,2,106,19.3636363636,280895
outputs/tmp_0208_median.npy,18,176,2,136,13.75,280790
outputs/tmp_0209_median.npy,16,147,3,170,16.0714285714,280708
outputs/tmp_0210_median.npy,33,126,2,1858,6.41935483871,276377
outputs/tmp_0211_median.npy,19,86,2,397,10.0588235294,280387
outputs/tmp_0212_median.npy,21,93,2,558,8.10526315789,279908
outputs/tmp_0213_median.npy,19,115,2,528,10.7647058824,280006
outputs/tmp_0214_median.npy,21,113,3,738,11.7368421053,279365
outputs/tmp_0215_median.npy,17,140,2,193,14.9333333333,280660
outputs/tmp_0216_median.npy,23,114,2,751,8.61904761905,279509
outputs/tmp_0217_median.npy,12,110,2,107,15.1,281049
outputs/tmp_0218_median.npy,15,56,2,311,7.15384615385,280758
outputs/tmp_0219_median.npy,13,9,1,114,2.81818181818,281279
outputs/tmp_0220_median.npy,16,13,1,212,2.5,281086
outputs/tmp_0221_median.npy,19,53,2,641,4.58823529412,280043
outputs/tmp_0222_median.npy,14,52,2,350,5.91666666667,280745
outputs/tmp_0223_median.npy,12,60,2,107,10.3,281153
outputs/tmp_0224_median.npy,13,61,2,112,10.0909090909,281112
outputs/tmp_0225_median.npy,25,54,2,833,3.78260869565,279406
outputs/tmp_0226_median.npy,13,10,1,137,3.54545454545,281184
outputs/tmp_0227_median.npy,23,32,1,845,3.09523809524,279462
outputs/tmp_0228_median.npy,18,39,1,462,5.75,280463
outputs/tmp_0229_median.npy,18,47,1,434,6.875,280428
outputs/tmp_0230_median.npy,63,247,2,3249,6.27868852459,269382
outputs/tmp_0231_median.npy,14,80,2,168,13.75,280725
outputs/tmp_0232_median.npy,95,1002,2,3268,13.1935483871,260397
outputs/tmp_0233_median.npy,17,94,2,210,11.2666666667,280774
outputs/tmp_0234_median.npy,18,86,3,581,12.9375,279872
outputs/tmp_0235_median.npy,144,5444,11,3407,109.323943662,178960
outputs/tmp_0236_median.npy,21,50,2,973,6.15789473684,279278
outputs/tmp_0237_median.npy,17,109,2,281,11.4666666667,280585
outputs/tmp_0238_median.npy,14,115,3,119,18.0833333333,280777
outputs/tmp_0239_median.npy,16,203,2,158,22.4285714286,280446
outputs/tmp_0240_median.npy,16,115,3,151,22.5,280368
outputs/tmp_0241_median.npy,22,135,3,187,14.8,280272
outputs/tmp_0242_median.npy,22,75,3,725,10.5,279290
outputs/tmp_0243_median.npy,16,103,3,231,13.4285714286,280612
outputs/tmp_0244_median.npy,56,53,2,2353,3.16666666667,272350
outputs/tmp_0245_median.npy,54,90,2,2496,3.98076923077,272309
outputs/tmp_0246_median.npy,19,189,2,337,14.1176470588,280403
outputs/tmp_0247_median.npy,49,225,2,2306,6.08510638298,272809
outputs/tmp_0248_median.npy,20,224,2,893,14.3333333333,279291
outputs/tmp_0249_median.npy,16,187,2,385,15.6428571429,280419
outputs/tmp_0250_median.npy,12,163,2,112,18.6,281025
outputs/tmp_0251_median.npy,17,79,2,413,7.93333333333,280530
outputs/tmp_0252_median.npy,15,58,2,193,7.76923076923,280960
outputs/tmp_0253_median.npy,14,78,2,107,8.58333333333,281118
outputs/tmp_0254_median.npy,16,32,1,325,5.35714285714,280806
outputs/tmp_0255_median.npy,32,18,1,1326,2.63333333333,277675
outputs/tmp_0256_median.npy,18,23,1,243,4.8125,280843
outputs/tmp_0257_median.npy,14,36,1,98,7.91666666667,281057
outputs/tmp_0258_median.npy,13,50,2,124,10.1818181818,281010
outputs/tmp_0259_median.npy,21,35,1,721,5.05263157895,279666
outputs/tmp_0260_median.npy,14,27,1,218,5.41666666667,280975
outputs/tmp_0261_median.npy,22,48,1,611,5.0,280069
outputs/tmp_0262_median.npy,15,100,2,157,11.3846153846,280908
outputs/tmp_0263_median.npy,17,45,1,356,4.86666666667,280814
outputs/tmp_0264_median.npy,15,50,2,155,6.38461538462,281034
outputs/tmp_0265_median.npy,15,13,1,226,3.61538461538,281043
outputs/tmp_0266_median.npy,14,10,1,210,3.66666666667,281099
outputs/tmp_0267_median.npy,18,23,1,610,3.0625,280200
outputs/tmp_0268_median.npy,105,286,3,4164,5.57281553398,254772
outputs/tmp_0269_median.npy,92,20,1,3708,1.9,261335
outputs/tmp_0270_median.npy,19,20,1,796,3.35294117647,279786
outputs/tmp_0271_median.npy,17,31,1,421,5.06666666667,280604
outputs/tmp_0272_median.npy,24,42,1,741,4.31818181818,279759
outputs/tmp_0273_median.npy,29,70,2,1508,4.59259259259,277804
outputs/tmp_0274_median.npy,17,14,1,440,3.4,280604
outputs/tmp_0275_median.npy,51,14,1,2050,1.9387755102,273601
outputs/tmp_0276_median.npy,15,9,1,653,1.84615384615,280351
outputs/tmp_0277_median.npy,69,29,1,3414,2.32835820896,267091
outputs/tmp_0278_median.npy,26,7,1,1173,1.33333333333,278513
outputs/tmp_0279_median.npy,15,16,1,399,2.84615384615,280789
outputs/tmp_0280_median.npy,15,3,1,224,1.30769230769,281137
outputs/tmp_0281_median.npy,17,19,1,666,3.13333333333,280156
outputs/tmp_0282_median.npy,14,4,1,298,1.33333333333,281034
outputs/tmp_0283_median.npy,27,10,1,1524,1.72,277981
outputs/tmp_0284_median.npy,13,13,1,248,4.0,281036
outputs/tmp_0285_median.npy,14,32,1,258,3.83333333333,281051
outputs/tmp_0286_median.npy,14,18,1,477,2.5,280739
outputs/tmp_0287_median.npy,12,10,1,490,2.4,280757
outputs/tmp_0288_median.npy,26,4,1,1368,1.20833333333,278395
outputs/tmp_0289_median.npy,130,13285,14,3647,150.09375,185734
outputs/tmp_0290_median.npy,111,52226,8,2450,572.752293578,115217
outputs/tmp_0291_median.npy,15,10,1,525,1.92307692308,280568
outputs/tmp_0292_median.npy,143,6020,11,3210,124.163120567,185202
outputs/tmp_0293_median.npy,37,41,1,1798,2.8,276364
outputs/tmp_0294_median.npy,19,23,1,832,2.88235294118,279842
outputs/tmp_0295_median.npy,13,29,1,224,4.0,281125
outputs/tmp_0296_median.npy,20,6,1,724,1.33333333333,279937
outputs/tmp_0297_median.npy,27,6,1,1370,1.44,277789
outputs/tmp_0298_median.npy,34,12,1,1556,1.59375,277228
outputs/tmp_0299_median.npy,23,9,1,658,1.57142857143,279941
outputs/tmp_0300_median.npy,18,44,1,480,5.1875,280411
outputs/tmp_0301_median.npy,12,37,1,206,9.1,281039
outputs/tmp_0302_median.npy,54,33,1,2268,2.48076923077,271917
outputs/tmp_0303_median.npy,24,120,3,742,9.86363636364,279439
outputs/tmp_0304_median.npy,25,182,3,719,14.8260869565,279017
outputs/tmp_0305_median.npy,19,246,3,148,20.1176470588,280457
outputs/tmp_0306_median.npy,14,252,2,128,27.8333333333,280525
outputs/tmp_0307_median.npy,15,259,2,179,25.4615384615,280483
outputs/tmp_0308_median.npy,16,370,2,211,32.7142857143,280137
outputs/tmp_0309_median.npy,15,485,2,213,43.0,279977
outputs/tmp_0310_median.npy,16,491,3,160,42.0714285714,280000
outputs/tmp_0311_median.npy,17,531,2,232,38.8,279947
outputs/tmp_0312_median.npy,17,444,3,197,36.0666666667,280004
outputs/tmp_0313_median.npy,18,392,3,270,35.1875,279732
outputs/tmp_0314_median.npy,27,343,4,1139,22.32,277586
outputs/tmp_0315_median.npy,14,340,3,194,46.0,279751
outputs/tmp_0316_median.npy,18,260,3,491,30.75,279271
outputs/tmp_0317_median.npy,38,193,3,1795,12.2777777778,274808
outputs/tmp_0318_median.npy,26,135,4,1055,16.5833333333,278180
outputs/tmp_0319_median.npy,22,216,2,682,16.4,279170
outputs/tmp_0320_median.npy,18,126,3,377,19.8125,279765
outputs/tmp_0321_median.npy,16,158,3,155,21.8571428571,280096
outputs/tmp_0322_median.npy,21,118,3,161,14.7894736842,280183
outputs/tmp_0323_median.npy,18,140,3,121,14.6875,280520
outputs/tmp_0324_median.npy,15,79,3,128,15.1538461538,280625
outputs/tmp_0325_median.npy,19,61,2,110,9.05882352941,280719
outputs/tmp_0326_median.npy,17,38,1,85,7.0,280896
outputs/tmp_0327_median.npy,16,44,1,121,5.78571428571,281019
outputs/tmp_0328_median.npy,13,34,1,102,6.45454545455,281166
outputs/tmp_0329_median.npy,18,40,1,355,4.3125,280682
outputs/tmp_0330_median.npy,13,7,1,131,2.0,281277
outputs/tmp_0331_median.npy,13,46,1,267,5.72727272727,281029
outputs/tmp_0332_median.npy,16,60,2,497,5.42857142857,280491
outputs/tmp_0333_median.npy,13,42,1,181,6.18181818182,281137
outputs/tmp_0334_median.npy,12,40,1,212,6.4,281086
outputs/tmp_0335_median.npy,10,30,1,204,7.25,281114
outputs/tmp_0336_median.npy,10,57,2,112,9.0,281264
outputs/tmp_0337_median.npy,15,42,1,443,5.38461538462,280625
outputs/tmp_0338_median.npy,12,42,1,199,5.6,281160
outputs/tmp_0339_median.npy,9,12,1,164,3.42857142857,281274
outputs/tmp_0340_median.npy,11,6,1,171,2.22222222222,281279
outputs/tmp_0341_median.npy,10,12,1,229,2.75,281182
outputs/tmp_0342_median.npy,10,6,1,183,2.125,281288
outputs/tmp_0343_median.npy,13,8,1,141,2.36363636364,281290
outputs/tmp_0344_median.npy,10,9,1,97,3.25,281352
outputs/tmp_0345_median.npy,12,13,1,279,3.4,281020
outputs/tmp_0346_median.npy,20,9,1,835,2.05555555556,279658
outputs/tmp_0347_median.npy,13,18,1,304,3.0,281018
outputs/tmp_0348_median.npy,12,23,1,135,3.4,281262
outputs/tmp_0349_median.npy,37,17,1,2203,2.0,275452
outputs/tmp_0350_median.npy,15,33,1,227,5.76923076923,281011
outputs/tmp_0351_median.npy,14,18,1,179,6.41666666667,280999
outputs/tmp_0352_median.npy,16,39,1,215,6.42857142857,280857
outputs/tmp_0353_median.npy,20,51,2,366,7.33333333333,280434
outputs/tmp_0354_median.npy,25,38,1,1074,6.17391304348,278941
outputs/tmp_0355_median.npy,28,207,2,2100,11.8461538462,276907
outputs/tmp_0356_median.npy,45,87,4,1723,7.27906976744,276286
outputs/tmp_0357_median.npy,20,22,1,747,3.88888888889,279950
outputs/tmp_0358_median.npy,17,32,1,588,3.8,280354
outputs/tmp_0359_median.npy,12,145,2,205,16.1,280937
outputs/tmp_0360_median.npy,25,221,2,1290,11.1739130435,278060
outputs/tmp_0361_median.npy,13,290,2,292,28.8181818182,280489
outputs/tmp_0362_median.npy,14,203,2,138,21.0833333333,280769
outputs/tmp_0363_median.npy,28,67,2,998,5.15384615385,278655
outputs/tmp_0364_median.npy,54,67,3,3226,3.80769230769,270725
outputs/tmp_0365_median.npy,16,19,1,241,5.21428571429,280928
outputs/tmp_0366_median.npy,13,355,2,303,36.8181818182,280152
outputs/tmp_0367_median.npy,19,1032,2,419,65.7647058824,278409
outputs/tmp_0368_median.npy,19,93,2,521,8.88235294118,280163
outputs/tmp_0369_median.npy,27,1143,4,761,61.04,275141
outputs/tmp_0370_median.npy,24,1194,5,753,117.590909091,272942
outputs/tmp_0371_median.npy,37,1384,7,1543,64.2571428571,270806
outputs/tmp_0372_median.npy,43,4723,8,2439,144.12195122,255476
outputs/tmp_0373_median.npy,51,1633,8,1943,79.9387755102,261633
outputs/tmp_0374_median.npy,45,1602,9,942,95.3255813953,260083
outputs/tmp_0375_median.npy,50,2188,12,739,85.1666666667,260098
outputs/tmp_0376_median.npy,57,854,10,1618,51.2181818182,262619
outputs/tmp_0377_median.npy,38,863,9,447,87.8055555556,263860
outputs/tmp_0378_median.npy,30,5283,5,510,261.107142857,262179
outputs/tmp_0379_median.npy,32,6301,4,651,234.233333333,264609
outputs/tmp_0380_median.npy,42,647,7,1138,35.225,272507
outputs/tmp_0381_median.npy,30,38,1,202,5.10714285714,280032
outputs/tmp_0382_median.npy,20,442,3,172,31.4444444444,279634
outputs/tmp_0383_median.npy,24,211,4,127,23.9090909091,279467
outputs/tmp_0384_median.npy,16,460,3,222,42.6428571429,279817
outputs/tmp_0385_median.npy,15,93,2,410,10.0,280553
outputs/tmp_0386_median.npy,18,278,3,240,26.125,280004
outputs/tmp_0387_median.npy,12,108,2,114,13.6,281090
outputs/tmp_0388_median.npy,13,75,2,155,10.0,281041
outputs/tmp_0389_median.npy,22,27,1,791,3.9,279656
outputs/tmp_0390_median.npy,14,22,1,166,6.0,281088
outputs/tmp_0391_median.npy,33,14,1,1470,1.93548387097,277980
outputs/tmp_0392_median.npy,23,28,1,669,3.38095238095,279977
outputs/tmp_0393_median.npy,15,34,1,278,6.23076923077,280907
outputs/tmp_0394_median.npy,16,68,2,181,9.5,280862
outputs/tmp_0395_median.npy,21,35,1,662,5.31578947368,279971
outputs/tmp_0396_median.npy,20,56,2,833,5.77777777778,279623
outputs/tmp_0397_median.npy,14,66,2,207,8.25,280987
outputs/tmp_0398_median.npy,17,50,2,455,5.86666666667,280519
outputs/tmp_0399_median.npy,26,78,2,926,4.625,279039
outputs/tmp_0400_median.npy,23,33,1,705,4.14285714286,279922
outputs/tmp_0401_median.npy,18,139,2,375,13.9375,280344
outputs/tmp_0402_median.npy,17,149,2,414,17.6,280146
outputs/tmp_0403_median.npy,23,200,2,847,14.1904761905,279175
outputs/tmp_0404_median.npy,17,47,1,466,8.13333333333,280446
outputs/tmp_0405_median.npy,22,20,1,902,3.4,279600
outputs/tmp_0406_median.npy,16,25,1,1018,3.28571428571,279684
outputs/tmp_0407_median.npy,13,17,1,230,3.81818181818,281087
outputs/tmp_0408_median.npy,21,24,1,712,4.42105263158,279982
outputs/tmp_0409_median.npy,61,956,2,3234,18.1186440678,267509
outputs/tmp_0410_median.npy,12,7,1,226,2.3,281140
outputs/tmp_0411_median.npy,14,84,2,189,9.33333333333,280919
outputs/tmp_0412_median.npy,25,35,1,903,4.4347826087,279308
outputs/tmp_0413_median.npy,48,49,1,2442,3.19565217391,273170
outputs/tmp_0414_median.npy,11,140,2,231,17.6666666667,280907
outputs/tmp_0415_median.npy,13,179,2,222,17.3636363636,280838
outputs/tmp_0416_median.npy,33,184,3,1835,10.1612903226,276188
outputs/tmp_0417_median.npy,24,103,3,568,10.0,279665
outputs/tmp_0418_median.npy,27,1749,4,814,79.72,275246
outputs/tmp_0419_median.npy,21,1254,5,514,118.421052632,274473
outputs/tmp_0420_median.npy,59,3467,6,2447,83.9649122807,258952
outputs/tmp_0421_median.npy,26,4959,6,598,387.041666667,255385
outputs/tmp_0422_median.npy,33,3121,7,638,179.935483871,260108
outputs/tmp_0423_median.npy,39,971,10,650,85.1351351351,262541
outputs/tmp_0424_median.npy,38,3821,7,1299,185.222222222,246962
outputs/tmp_0425_median.npy,31,3236,8,747,300.793103448,244364
outputs/tmp_0426_median.npy,41,4416,10,1156,185.820512821,249277
outputs/tmp_0427_median.npy,47,1636,12,691,137.222222222,247556
outputs/tmp_0428_median.npy,75,2760,9,2297,113.876712329,240946
outputs/tmp_0429_median.npy,75,2014,12,2447,102.534246575,234944
outputs/tmp_0430_median.npy,89,10443,9,3935,160.965517241,228823
outputs/tmp_0431_median.npy,102,7937,10,3414,111.19,223401
outputs/tmp_0432_median.npy,67,2274,13,1531,92.6,235064
outputs/tmp_0433_median.npy,66,4569,11,1007,162.4375,228888
outputs/tmp_0434_median.npy,102,8000,12,2992,123.38,221257
outputs/tmp_0435_median.npy,86,10170,10,1324,160.654761905,230989
outputs/tmp_0436_median.npy,78,6439,13,1375,168.986842105,227304
outputs/tmp_0437_median.npy,79,8471,14,1152,193.987012987,221214
outputs/tmp_0438_median.npy,84,19832,10,2076,265.670731707,213911
outputs/tmp_0439_median.npy,83,6130,10,2248,168.75308642,221471
outputs/tmp_0440_median.npy,70,7504,15,1149,164.5,229469
outputs/tmp_0441_median.npy,103,3449,12,2906,69.4752475248,225294
outputs/tmp_0442_median.npy,77,9895,15,1458,184.506666667,223720
outputs/tmp_0443_median.npy,105,4942,13,2566,75.2427184466,232844
outputs/tmp_0444_median.npy,97,882,15,3203,51.5052631579,219435
outputs/tmp_0445_median.npy,131,5078,14,5772,75.5271317829,204604
outputs/tmp_0446_median.npy,89,2391,12,2502,86.816091954,230418
outputs/tmp_0447_median.npy,87,1941,14,1466,77.0117647059,229993
outputs/tmp_0448_median.npy,83,1224,13,2281,47.5432098765,248687
outputs/tmp_0449_median.npy,81,1395,12,1904,49.8860759494,245402
outputs/tmp_0450_median.npy,86,2104,9,1902,58.2142857143,251520
outputs/tmp_0451_median.npy,103,4095,12,1600,59.3861386139,243706
outputs/tmp_0452_median.npy,85,4675,12,1831,125.313253012,223597
outputs/tmp_0453_median.npy,94,223,10,1994,15.3152173913,258765
outputs/tmp_0454_median.npy,109,1566,11,3097,44.9439252336,238622
outputs/tmp_0455_median.npy,115,1626,10,2908,37.2212389381,241843
outputs/tmp_0456_median.npy,111,3279,13,2448,56.2568807339,229423
outputs/tmp_0457_median.npy,105,3589,14,2355,72.1650485437,224251
outputs/tmp_0458_median.npy,97,2066,17,1549,86.5368421053,213368
outputs/tmp_0459_median.npy,98,3028,14,2275,101.666666667,213685
outputs/tmp_0460_median.npy,83,12012,18,1810,249.407407407,200158
outputs/tmp_0461_median.npy,85,3571,18,1835,161.638554217,201163
outputs/tmp_0462_median.npy,98,6738,18,1782,131.447916667,204151
outputs/tmp_0463_median.npy,98,7660,15,1904,147.760416667,198649
outputs/tmp_0464_median.npy,103,6703,19,2201,145.831683168,189345
outputs/tmp_0465_median.npy,107,14726,16,1908,200.638095238,194661
outputs/tmp_0466_median.npy,125,4794,13,2570,106.585365854,199669
outputs/tmp_0467_median.npy,101,4056,15,1598,111.505050505,202669
outputs/tmp_0468_median.npy,115,3793,12,3048,108.061946903,193375
outputs/tmp_0469_median.npy,105,8978,10,2480,210.553398058,183286
outputs/tmp_0470_median.npy,101,4665,19,2144,101.272727273,199154
outputs/tmp_0471_median.npy,110,7638,15,2266,109.351851852,211299
outputs/tmp_0472_median.npy,120,2224,14,2988,59.6525423729,213028
outputs/tmp_0473_median.npy,131,6248,15,4957,74.9689922481,203549
outputs/tmp_0474_median.npy,114,973,14,3262,35.6607142857,222542
outputs/tmp_0475_median.npy,102,6136,13,2003,102.8,218807
outputs/tmp_0476_median.npy,95,4538,12,1824,89.9032258065,233863
outputs/tmp_0477_median.npy,90,2371,18,1640,75.5568181818,230882
outputs/tmp_0478_median.npy,100,1874,14,2857,72.9387755102,220622
outputs/tmp_0479_median.npy,84,13128,16,1425,219.256097561,213856
outputs/tmp_0480_median.npy,94,1570,12,1620,51.847826087,240046
outputs/tmp_0481_median.npy,88,3943,15,1684,111.209302326,231964
outputs/tmp_0482_median.npy,76,1914,15,2123,86.8378378378,231694
outputs/tmp_0483_median.npy,72,2817,17,1207,133.3,228776
outputs/tmp_0484_median.npy,82,3254,15,1841,109.25,234982
outputs/tmp_0485_median.npy,93,913,12,2437,37.0769230769,242266
outputs/tmp_0486_median.npy,91,1061,8,2373,34.2471910112,250502
outputs/tmp_0487_median.npy,86,1315,7,2490,31.0119047619,253971
outputs/tmp_0488_median.npy,77,388,11,2725,18.5733333333,260192
outputs/tmp_0489_median.npy,64,933,9,1644,43.3870967742,262260
outputs/tmp_0490_median.npy,71,1957,9,1459,46.7826086957,256283
outputs/tmp_0491_median.npy,58,470,9,1126,34.3571428571,263386
outputs/tmp_0492_median.npy,64,1375,9,1831,48.8387096774,261203
outputs/tmp_0493_median.npy,43,927,5,1144,40.6341463415,272438
outputs/tmp_0494_median.npy,42,185,7,778,21.75,273403
outputs/tmp_0495_median.npy,36,1491,9,532,75.3235294118,270269
outputs/tmp_0496_median.npy,40,600,3,993,22.7631578947,275671
outputs/tmp_0497_median.npy,35,1431,5,844,67.303030303,273204
outputs/tmp_0498_median.npy,29,856,9,511,77.0,272221
outputs/tmp_0499_median.npy,32,345,4,835,24.9333333333,277016
outputs/tmp_0500_median.npy,25,681,5,486,58.5652173913,276440
outputs/tmp_0501_median.npy,27,121,5,576,15.88,278743
outputs/tmp_0502_median.npy,36,536,3,1718,20.2941176471,275412
outputs/tmp_0503_median.npy,40,854,5,863,34.2894736842,274631
outputs/tmp_0504_median.npy,37,1356,5,1294,50.9714285714,273449
outputs/tmp_0505_median.npy,39,423,8,1398,40.1891891892,270483
outputs/tmp_0506_median.npy,41,552,5,1011,31.4871794872,274944
outputs/tmp_0507_median.npy,60,1030,8,1473,41.9137931034,265016
outputs/tmp_0508_median.npy,42,822,5,1003,37.225,273100
outputs/tmp_0509_median.npy,35,740,8,1315,49.7575757576,271728
outputs/tmp_0510_median.npy,53,1445,3,2107,42.3725490196,268321
outputs/tmp_0511_median.npy,54,714,6,3821,30.0384615385,265812
outputs/tmp_0512_median.npy,25,1331,5,424,73.9565217391,276269
outputs/tmp_0513_median.npy,33,925,3,654,57.4838709677,274410
outputs/tmp_0514_median.npy,32,2630,7,757,144.866666667,267612
outputs/tmp_0515_median.npy,39,1185,4,1617,46.3243243243,272340
outputs/tmp_0516_median.npy,54,514,4,2707,19.7307692308,269466
outputs/tmp_0517_median.npy,31,304,4,264,27.2413793103,276657
outputs/tmp_0518_median.npy,37,806,6,685,46.3142857143,273327
outputs/tmp_0519_median.npy,30,501,5,339,39.5,275250
outputs/tmp_0520_median.npy,20,141,4,261,24.6111111111,279303
outputs/tmp_0521_median.npy,24,112,2,603,12.7727272727,279005
outputs/tmp_0522_median.npy,27,496,5,298,52.52,276380
outputs/tmp_0523_median.npy,17,190,2,414,15.6666666667,280362
outputs/tmp_0524_median.npy,25,111,2,1517,7.08695652174,277852
outputs/tmp_0525_median.npy,16,115,2,421,10.9285714286,280515
outputs/tmp_0526_median.npy,18,119,2,846,10.5625,279634
outputs/tmp_0527_median.npy,137,328,8,4406,11.7111111111,240479
outputs/tmp_0528_median.npy,25,230,2,1621,11.1304347826,277399
outputs/tmp_0529_median.npy,20,111,2,715,11.3333333333,279633
outputs/tmp_0530_median.npy,21,394,4,507,32.6842105263,278461
outputs/tmp_0531_median.npy,38,912,4,1513,43.6944444444,273421
outputs/tmp_0532_median.npy,32,2149,4,1595,81.3333333333,270397
outputs/tmp_0533_median.npy,32,1849,3,813,78.4,273942
outputs/tmp_0534_median.npy,29,454,5,563,43.1111111111,275830
outputs/tmp_0535_median.npy,51,1216,6,2665,38.9183673469,267862
outputs/tmp_0536_median.npy,32,3964,5,1297,157.533333333,267214
outputs/tmp_0537_median.npy,27,612,6,313,63.56,274202
outputs/tmp_0538_median.npy,27,5296,4,417,224.8,268467
outputs/tmp_0539_median.npy,28,1226,6,653,86.6538461538,273515
outputs/tmp_0540_median.npy,30,572,3,894,29.6428571429,277005
outputs/tmp_0541_median.npy,20,1572,4,376,117.444444444,275865
outputs/tmp_0542_median.npy,24,372,4,512,37.6818181818,277370
outputs/tmp_0543_median.npy,22,381,4,538,32.4,278702
outputs/tmp_0544_median.npy,22,61,3,421,10.2,279991
outputs/tmp_0545_median.npy,34,1379,2,651,49.28125,275965
outputs/tmp_0546_median.npy,27,483,3,621,30.16,277823
outputs/tmp_0547_median.npy,33,1714,3,752,63.4193548387,275162
outputs/tmp_0548_median.npy,23,59,2,339,8.47619047619,280162
outputs/tmp_0549_median.npy,25,1012,3,806,49.6956521739,277435
outputs/tmp_0550_median.npy,29,31,1,561,3.25925925926,280045
outputs/tmp_0551_median.npy,21,1519,3,1138,85.9473684211,275990
outputs/tmp_0552_median.npy,21,475,3,748,29.3684210526,278411
outputs/tmp_0553_median.npy,12,16,1,137,2.8,281320
outputs/tmp_0554_median.npy,27,29,1,1354,4.48,278411
outputs/tmp_0555_median.npy,18,171,3,149,17.9375,280529
outputs/tmp_0556_median.npy,24,163,2,480,12.9545454545,279694
outputs/tmp_0557_median.npy,19,337,3,334,27.4117647059,279782
outputs/tmp_0558_median.npy,26,90,3,887,9.0,279277
outputs/tmp_0559_median.npy,16,21,1,357,6.07142857143,280668
outputs/tmp_0560_median.npy,26,262,2,1017,13.6666666667,278502
outputs/tmp_0561_median.npy,24,267,2,935,14.9545454545,278833
outputs/tmp_0562_median.npy,18,14,1,497,3.4375,280562
outputs/tmp_0563_median.npy,21,31,1,866,3.47368421053,279738
outputs/tmp_0564_median.npy,12,52,2,165,7.2,281157
outputs/tmp_0565_median.npy,14,50,2,415,5.91666666667,280765
outputs/tmp_0566_median.npy,16,16,1,618,2.64285714286,280500
outputs/tmp_0567_median.npy,12,25,1,239,3.7,281099
outputs/tmp_0568_median.npy,19,18,1,851,3.0,279925
outputs/tmp_0569_median.npy,13,45,1,175,7.81818181818,281075
outputs/tmp_0570_median.npy,18,84,2,643,7.0625,280182
outputs/tmp_0571_median.npy,13,68,2,201,10.3636363636,280986
outputs/tmp_0572_median.npy,19,89,2,1122,7.35294117647,279181
outputs/tmp_0573_median.npy,22,72,3,1024,7.65,279074
outputs/tmp_0574_median.npy,48,25,1,3128,3.5,272332
outputs/tmp_0575_median.npy,138,1049,4,4562,11.8235294118,244674
outputs/tmp_0576_median.npy,98,1242,4,3215,21.0208333333,257039
outputs/tmp_0577_median.npy,43,1350,4,1925,51.8536585366,270256
outputs/tmp_0578_median.npy,18,1805,3,327,123.875,276637
outputs/tmp_0579_median.npy,25,16,1,759,4.13043478261,279501
outputs/tmp_0580_median.npy,39,32,1,2128,3.56756756757,275356
outputs/tmp_0581_median.npy,27,36,1,1165,3.8,278602
outputs/tmp_0582_median.npy,22,226,3,695,17.3,279235
outputs/tmp_0583_median.npy,31,1570,3,1369,58.6896551724,274426
outputs/tmp_0584_median.npy,25,74,2,1003,6.60869565217,278810
outputs/tmp_0585_median.npy,38,1475,3,1768,46.8611111111,273130
outputs/tmp_0586_median.npy,24,660,4,618,45.3636363636,277626
outputs/tmp_0587_median.npy,21,377,4,577,34.3157894737,278506
outputs/tmp_0588_median.npy,22,195,6,546,27.15,278513
outputs/tmp_0589_median.npy,25,99,3,1121,12.8695652174,278257
outputs/tmp_0590_median.npy,22,204,2,562,14.95,279650
outputs/tmp_0591_median.npy,46,64,3,2211,5.45454545455,273950
outputs/tmp_0592_median.npy,48,270,3,2543,10.0,272838
outputs/tmp_0593_median.npy,30,602,3,982,34.7857142857,276513
outputs/tmp_0594_median.npy,128,661,6,4667,15.4841269841,242776
outputs/tmp_0595_median.npy,33,584,5,1192,49.5483870968,273743
outputs/tmp_0596_median.npy,45,545,4,2877,24.6046511628,270369
outputs/tmp_0597_median.npy,45,253,4,1767,12.3953488372,275180
outputs/tmp_0598_median.npy,123,2186,5,5430,35.9256198347,238186
outputs/tmp_0599_median.npy,120,2104,9,5900,28.4576271186,238604
outputs/tmp_0600_median.npy,59,753,5,3180,23.2105263158,267265
outputs/tmp_0601_median.npy,57,442,4,2433,16.4363636364,269451
outputs/tmp_0602_median.npy,55,1043,6,1193,39.358490566,269063
outputs/tmp_0603_median.npy,53,2790,10,2345,100.176470588,256499
outputs/tmp_0604_median.npy,77,395,12,2627,29.3733333333,256223
outputs/tmp_0605_median.npy,83,2880,10,2596,54.1851851852,252167
outputs/tmp_0606_median.npy,86,15689,15,2178,229.404761905,212260
outputs/tmp_0607_median.npy,129,2193,17,7275,80.9133858268,186608
outputs/tmp_0608_median.npy,113,3033,12,2730,77.1891891892,213242
outputs/tmp_0609_median.npy,72,97519,12,3096,1592.15714286,97519
outputs/tmp_0610_median.npy,109,33071,17,5559,429.869158879,121669
outputs/tmp_0611_median.npy,119,5607,16,3507,173.034188034,165075
outputs/tmp_0612_median.npy,133,15849,19,5341,239.221374046,136681
outputs/tmp_0613_median.npy,93,12173,13,3263,483.406593407,92675
outputs/tmp_0614_median.npy,106,5953,19,2664,135.134615385,188298
outputs/tmp_0615_median.npy,116,21450,17,4000,447.605263158,86722
outputs/tmp_0616_median.npy,105,28862,13,3421,592.54368932,73554
outputs/tmp_0617_median.npy,111,14358,18,1950,211.642201835,169753
outputs/tmp_0618_median.npy,90,77491,17,3073,964.386363636,77491
outputs/tmp_0619_median.npy,127,1438,21,3068,63.416,182871
outputs/tmp_0620_median.npy,76,85308,10,1817,1212.97297297,85308
outputs/tmp_0621_median.npy,84,94963,12,2132,1224.01219512,94963
outputs/tmp_0622_median.npy,128,5419,20,2292,153.531746032,160901
outputs/tmp_0623_median.npy,86,85368,9,2686,1192.14285714,85368
outputs/tmp_0624_median.npy,83,90700,14,2599,1199.20987654,90700
outputs/tmp_0625_median.npy,93,8703,15,2985,251.978021978,155719
outputs/tmp_0626_median.npy,96,49680,15,2991,866.308510638,49680
outputs/tmp_0627_median.npy,101,37998,13,3019,608.939393939,105328
outputs/tmp_0628_median.npy,78,20706,16,1551,515.565789474,120307
outputs/tmp_0629_median.npy,92,30203,15,2205,462.822222222,124827
outputs/tmp_0630_median.npy,82,11668,12,1642,370.175,143632
outputs/tmp_0631_median.npy,97,51479,12,2563,687.442105263,101460
outputs/tmp_0632_median.npy,89,68137,11,2497,973.298850575,74741
outputs/tmp_0633_median.npy,88,35932,14,1545,570.988372093,131905
outputs/tmp_0634_median.npy,95,38318,16,1973,546.580645161,135347
outputs/tmp_0635_median.npy,91,20302,14,1959,431.696629213,146942
outputs/tmp_0636_median.npy,92,57059,15,3171,787.122222222,93232
outputs/tmp_0637_median.npy,88,14516,20,1702,340.662790698,152396
outputs/tmp_0638_median.npy,85,15404,12,1453,441.686746988,145999
outputs/tmp_0639_median.npy,100,5660,19,1754,157.969387755,184484
outputs/tmp_0640_median.npy,108,11316,21,2269,167.990566038,177337
outputs/tmp_0641_median.npy,111,4998,24,1744,136.018348624,172740
outputs/tmp_0642_median.npy,95,18622,17,1917,280.086021505,172780
outputs/tmp_0643_median.npy,96,14663,19,2186,322.627659574,164181
outputs/tmp_0644_median.npy,114,4785,18,4625,123.383928571,182856
outputs/tmp_0645_median.npy,123,4148,16,3235,76.9173553719,204736
outputs/tmp_0646_median.npy,103,18537,15,2161,258.376237624,185112
outputs/tmp_0647_median.npy,113,9320,16,2474,143.477477477,207744
outputs/tmp_0648_median.npy,125,5246,13,3232,83.325203252,209685
outputs/tmp_0649_median.npy,114,2834,15,2870,72.3035714286,213570
outputs/tmp_0650_median.npy,113,15683,14,3165,182.792792793,196207
outputs/tmp_0651_median.npy,115,656,16,3590,33.6460176991,226711
outputs/tmp_0652_median.npy,148,2104,16,6261,47.6712328767,205789
outputs/tmp_0653_median.npy,101,2380,12,3919,48.4545454545,238719
outputs/tmp_0654_median.npy,112,3052,12,3602,47.3545454545,239229
outputs/tmp_0655_median.npy,106,1277,14,3892,45.7211538462,232325
outputs/tmp_0656_median.npy,127,551,20,6558,29.92,214478
outputs/tmp_0657_median.npy,145,1263,12,5981,29.6853146853,214999
outputs/tmp_0658_median.npy,105,1490,11,2337,43.6893203883,235623
outputs/tmp_0659_median.npy,102,4451,11,2171,109.15,225185
outputs/tmp_0660_median.npy,116,1544,14,2518,48.4561403509,225713
outputs/tmp_0661_median.npy,113,832,15,2493,43.6306306306,226986
outputs/tmp_0662_median.npy,118,643,16,2176,32.2672413793,223569
outputs/tmp_0663_median.npy,109,2892,16,2526,83.308411215,217156
outputs/tmp_0664_median.npy,102,10825,12,1991,145.33,222726
outputs/tmp_0665_median.npy,93,4831,12,2431,80.7472527473,238172
outputs/tmp_0666_median.npy,92,4690,13,1968,115.366666667,231241
outputs/tmp_0667_median.npy,97,1756,13,2004,57.1578947368,236682
outputs/tmp_0668_median.npy,114,1283,11,3036,31.9553571429,242197
outputs/tmp_0669_median.npy,130,4621,11,5109,67.84375,216578
outputs/tmp_0670_median.npy,55,2527,6,2419,119.264150943,248154
outputs/tmp_0671_median.npy,64,7766,7,1460,148.983870968,252234
outputs/tmp_0672_median.npy,68,2768,6,3189,95.1212121212,249911
outputs/tmp_0673_median.npy,52,1622,10,1485,93.7,254647
outputs/tmp_0674_median.npy,60,1810,9,1807,94.4137931034,253329
outputs/tmp_0675_median.npy,91,4771,10,3729,73.191011236,242594
outputs/tmp_0676_median.npy,46,1576,7,1034,52.5681818182,269587
outputs/tmp_0677_median.npy,50,1543,5,991,58.25,267723
outputs/tmp_0678_median.npy,58,1262,5,2427,46.5892857143,265486
outputs/tmp_0679_median.npy,41,100,5,1931,12.0769230769,274144
outputs/tmp_0680_median.npy,25,68,2,676,7.60869565217,279437
outputs/tmp_0681_median.npy,65,543,2,2686,11.5396825397,269407
outputs/tmp_0682_median.npy,22,79,2,629,9.3,279580
outputs/tmp_0683_median.npy,20,72,3,510,10.8333333333,279894
outputs/tmp_0684_median.npy,23,46,1,761,9.0,279240
outputs/tmp_0685_median.npy,112,504,5,5092,13.6545454545,249909
outputs/tmp_0686_median.npy,35,18,1,1832,3.12121212121,276830
outputs/tmp_0687_median.npy,31,32,1,1328,3.41379310345,278428
outputs/tmp_0688_median.npy,43,79,2,2034,4.34146341463,275461
outputs/tmp_0689_median.npy,26,64,2,856,7.25,279162
outputs/tmp_0690_median.npy,27,495,3,699,26.4,278344
outputs/tmp_0691_median.npy,34,47,1,1326,6.15625,277550
outputs/tmp_0692_median.npy,41,1227,3,2356,39.2051282051,271414
outputs/tmp_0693_median.npy,109,176,5,3872,8.64485981308,254300
outputs/tmp_0694_median.npy,31,1365,6,945,100.586206897,270769
outputs/tmp_0695_median.npy,102,2486,5,3592,43.59,246360
outputs/tmp_0696_median.npy,34,1996,7,1154,143.21875,263132
outputs/tmp_0697_median.npy,41,1767,8,1010,112.333333333,263767
outputs/tmp_0698_median.npy,43,1352,10,1300,90.243902439,262157
outputs/tmp_0699_median.npy,47,1413,6,1057,92.3333333333,263491
outputs/tmp_0700_median.npy,45,1118,8,1876,77.5813953488,261087
outputs/tmp_0701_median.npy,37,1086,10,507,110.485714286,262327
outputs/tmp_0702_median.npy,53,1000,8,1080,48.3529411765,262354
outputs/tmp_0703_median.npy,52,1942,7,792,84.68,262602
outputs/tmp_0704_median.npy,52,2118,4,2244,77.18,260742
outputs/tmp_0705_median.npy,71,890,8,3175,35.2463768116,258191
outputs/tmp_0706_median.npy,54,1815,5,1099,68.8461538462,266169
outputs/tmp_0707_median.npy,33,2135,6,991,92.0322580645,271621
outputs/tmp_0708_median.npy,40,2191,4,486,75.4473684211,272752
outputs/tmp_0709_median.npy,32,161,4,548,16.7,278388
outputs/tmp_0710_median.npy,33,237,4,418,23.0,277508
outputs/tmp_0711_median.npy,40,585,4,764,31.0,275735
outputs/tmp_0712_median.npy,28,257,4,411,25.3076923077,277910
outputs/tmp_0713_median.npy,24,560,4,350,53.8636363636,277032
outputs/tmp_0714_median.npy,32,1317,7,896,99.6666666667,269324
outputs/tmp_0715_median.npy,69,8064,7,1988,131.985074627,251677
outputs/tmp_0716_median.npy,58,1764,10,1028,65.7678571429,260603
outputs/tmp_0717_median.npy,47,2198,6,864,84.8888888889,261428
outputs/tmp_0718_median.npy,36,9213,9,504,327.823529412,251385
outputs/tmp_0719_median.npy,43,1263,8,481,108.414634146,253902
outputs/tmp_0720_median.npy,53,1468,9,746,89.1568627451,257259
outputs/tmp_0721_median.npy,48,1543,11,893,101.695652174,256499
outputs/tmp_0722_median.npy,53,1754,8,1164,87.4705882353,254108
outputs/tmp_0723_median.npy,44,1431,12,890,109.976190476,251322
outputs/tmp_0724_median.npy,48,1276,13,598,110.347826087,252220
outputs/tmp_0725_median.npy,46,2991,12,694,148.704545455,246815
outputs/tmp_0726_median.npy,93,4694,13,4193,96.1648351648,224409
outputs/tmp_0727_median.npy,76,2847,15,2097,84.9864864865,235707
outputs/tmp_0728_median.npy,62,6164,12,960,161.6,236404
outputs/tmp_0729_median.npy,62,7845,14,1046,241.483333333,224868
outputs/tmp_0730_median.npy,76,14319,12,1962,254.689189189,216226
outputs/tmp_0731_median.npy,66,19792,16,1052,369.015625,208067
outputs/tmp_0732_median.npy,84,24298,12,3277,365.536585366,186095
outputs/tmp_0733_median.npy,69,9548,10,1833,305.23880597,205903
outputs/tmp_0734_median.npy,64,12285,15,1073,276.967741935,219273
outputs/tmp_0735_median.npy,104,6491,11,3355,125.519607843,219412
outputs/tmp_0736_median.npy,63,2682,11,883,116.573770492,244429
outputs/tmp_0737_median.npy,73,1512,13,1161,56.5352112676,253097
outputs/tmp_0738_median.npy,56,3088,8,972,98.5185185185,254991
outputs/tmp_0739_median.npy,70,1297,8,2769,33.9117647059,258217
outputs/tmp_0740_median.npy,45,1393,8,1239,77.7209302326,264618
outputs/tmp_0741_median.npy,48,1642,8,1448,56.4782608696,265492
outputs/tmp_0742_median.npy,47,667,6,745,44.0444444444,268635
outputs/tmp_0743_median.npy,91,1406,9,3990,33.7528089888,249003
outputs/tmp_0744_median.npy,43,818,8,829,53.1707317073,268861
outputs/tmp_0745_median.npy,96,477,6,3495,15.9255319149,255691
outputs/tmp_0746_median.npy,45,499,8,1163,45.5348837209,268699
outputs/tmp_0747_median.npy,37,687,7,973,73.4571428571,267921
outputs/tmp_0748_median.npy,120,39510,12,3264,420.644067797,134160
outputs/tmp_0749_median.npy,30,971,8,967,77.3214285714,271127
outputs/tmp_0750_median.npy,34,2734,7,1254,152.3125,263182
outputs/tmp_0751_median.npy,38,1606,8,1621,130.944444444,259989
outputs/tmp_0752_median.npy,76,477,8,2709,28.7972972973,259851
outputs/tmp_0753_median.npy,128,19166,13,3409,224.579365079,172681
outputs/tmp_0754_median.npy,51,2770,9,2599,111.428571429,254351
